Date,alpha_0.00,alpha_0.05,alpha_0.10,alpha_0.15,alpha_0.20,alpha_0.25,alpha_0.30,alpha_0.35,alpha_0.40,alpha_0.45,alpha_0.50,alpha_0.55,alpha_0.60,alpha_0.65,alpha_0.70,alpha_0.75,alpha_0.80,alpha_0.85,alpha_0.90,alpha_0.95,alpha_1.00
2025-08-04,0.1612794417705135,0.15141903529796916,0.1487041785997636,0.14374475338155648,0.13762068270873468,0.12869066184740996,0.11719476579600407,0.10483980003764738,0.09214651501001472,0.07926094032403959,0.0665172284317073,0.05394938510338141,0.041795617996384475,0.030009196580163645,0.018527412953410413,0.007297836269800888,4.078836076816395e-07,5.439824392637066e-08,5.022057982982621e-07,1.1021655817076397e-07,4.1131413801516416e-08
2025-08-05,0.08183473927090425,0.07236550555216133,0.0621079383620646,0.0506790519528237,0.038391788060256477,0.029266043250834067,0.022754976436419966,0.01760026374170337,0.013648831787774396,0.010696282583472562,0.008722647540472939,0.0069788326936943345,0.0053586611215525595,0.003826655389389902,0.0023534042000716467,0.0009244142675497496,4.611317954840742e-08,4.979796641100782e-09,3.833227395746414e-08,7.0273882787809705e-09,2.1762948102175206e-09
2025-08-06,-0.17669563834407284,-0.165398016444355,-0.15284751298080324,-0.13786899359450686,-0.12086687146782243,-0.10478955217769784,-0.08754295079208829,-0.07199282542611998,-0.05880746694688883,-0.04748261876112532,-0.0375697203636894,-0.028734582426756018,-0.021122564337337772,-0.014478701989170733,-0.008578774808258034,-0.0032569056387185217,-1.807960109745769e-07,-2.432667154074978e-08,-2.2476144392673864e-07,-4.9280900262103815e-08,-1.837161707823642e-08
2025-08-07,0.002646461606005016,0.0027860746004275717,0.0067319831933418265,0.008495303959068836,0.007518601414547733,0.006916718459989957,0.007391470531000915,0.007544639891272911,0.0072895745129573555,0.006528065023765107,0.00544483401277015,0.004283887823762352,0.0032267969143630927,0.0022641181254008883,0.0013729411977453046,0.0005330827865599187,3.085452009749885e-08,4.235482619247869e-09,3.968830244634383e-08,8.810750542358194e-09,3.3207828018546227e-09
2025-08-08,-0.03729213481418324,-0.03928279990965574,-0.04286936545972449,-0.046991791592793625,-0.04978492581079805,-0.04995736107039336,-0.04858893013449564,-0.045793480138398526,-0.04181465438356022,-0.03678257639626115,-0.03194776602946277,-0.02691151937336252,-0.021486141237458834,-0.0157962628490615,-0.009937362217262798,-0.003974709982553337,-2.3434764921764514e-07,-3.405345919388614e-08,-3.3465573596801397e-07,-7.721914047189157e-08,-3.0040056681544144e-08
2025-08-11,0.16412321701565993,0.15056121130615915,0.13156471835167416,0.11550595017238376,0.10167380997149886,0.08917061501932312,0.07715442459120876,0.06639225649576078,0.056631724014283985,0.04758101234800049,0.03925083997694659,0.031614898630322325,0.02438112705027691,0.017443348594089907,0.010738574141378384,0.004220069513582379,2.42247919927774e-07,3.3324024734704615e-08,3.1388466118936387e-07,6.998944963281571e-08,2.647198835734549e-08
2025-08-12,0.04224464393188014,0.03796517067820576,0.027067651549766897,0.017247436159878362,0.009567246486405796,0.004718642387368344,0.0028849849014139337,0.0014757910280305269,0.0005288024376202608,0.00017602111042685752,0.00022765751221552784,0.0006154688744719497,0.0007886022937368791,0.0007530352181262306,0.0005601950650147684,0.00025230538567125847,1.433616240475957e-08,1.7577242616065605e-09,1.5066318647960266e-08,3.058613036919795e-09,1.0516098628674618e-09
2025-08-13,0.067147652475186,0.06373479644013946,0.060414437691971995,0.05496595643345346,0.04785677728160249,0.041257122385274334,0.035508913554967936,0.03043581520906932,0.025776913479118996,0.021480561792575938,0.017646187132113047,0.014268049128684722,0.011037809258639387,0.007908917115582616,0.004869897882047705,0.0019125849832052951,1.1115518355660336e-07,1.5739531929564595e-08,1.5044283816624937e-07,3.38548481479418e-08,1.288661071570221e-08
2025-08-14,0.07463771426270875,0.06594687497497516,0.05043659648110314,0.03693565153868477,0.024777498573251167,0.015910320342195916,0.010863018540612458,0.007505851857148113,0.00508997091985484,0.0033549744700157045,0.002033791735706794,0.0009740562316974451,0.00031256281523141103,-3.8329002890070905e-05,-0.00015995993737075634,-0.00010890113774464572,-8.8302925593263e-09,-1.4358863637547966e-09,-1.525950283593333e-08,-3.726379226073748e-09,-1.5105930826335414e-09
2025-08-18,0.11717630091828549,0.10781009657768953,0.11534368053908385,0.11911060753823062,0.11806402449326811,0.1148774312725102,0.11498893585051599,0.11037487078535635,0.10225349056670664,0.09127919168315408,0.07750245240538625,0.06363995867766004,0.04988012740049813,0.036171292784345936,0.022524797334038543,0.00893961682008407,5.120216905405228e-07,6.954291725635204e-08,6.499157446027131e-07,1.4404072361213074e-07,5.419419926599467e-08
2025-08-19,-0.015748288709844144,-0.015399763970565855,-0.015492828208911956,-0.012657721996773386,-0.006525875046834074,-0.0018573983433747105,0.0019022857711456379,0.004117102450828523,0.005325695214753205,0.005740935203075938,0.0055340086074482115,0.004685018944364643,0.003733687894012292,0.0027471824660826277,0.0017333070161817737,0.0006960461929217943,4.085378404237756e-08,5.9728154661724165e-09,5.97377721952637e-08,1.4053682991624258e-08,5.56944498784554e-09
2025-08-20,0.025678847420179087,0.022620664294279457,0.019741940594459346,0.01639437755575745,0.01365225081188223,0.011464781150501807,0.009234299272802863,0.007367222031158049,0.00587843983316692,0.005181181568658456,0.004878740716628616,0.004499274205971653,0.0038523564719950294,0.0029871605209804103,0.0019569044144543165,0.0008082077504280238,4.9994972062642483e-08,7.870539596259384e-09,8.18148101778486e-08,1.9693750502602756e-08,7.918227866019875e-09
2025-08-21,0.051955581974703846,0.04706986754169515,0.04075847596418078,0.034106216901313956,0.027293645829775715,0.021661567260870807,0.01710301822121707,0.013369159601590139,0.010391976432546315,0.007767511975803104,0.005666778136287775,0.003921557391092217,0.002594800035305606,0.0015978731282735976,0.0008492868513102896,0.00028844603041441836,1.511909342491933e-08,2.1674461883328983e-09,2.0313157605282354e-08,4.444060774842796e-09,1.640292013163686e-09
2025-08-22,0.03203671438899185,0.03010613898288436,0.02160153342851934,0.013093439879875305,0.004970184964199248,-0.0009017319301611799,-0.005969514825688916,-0.009657275655262292,-0.011557193103108775,-0.012171334191040325,-0.011755451530038588,-0.010337478196639332,-0.00849968059394473,-0.006402450146805776,-0.004113208518111458,-0.0016756210909514813,-1.06112872466214e-07,-1.608214242015109e-08,-1.615049082736303e-07,-3.7837032100200405e-08,-1.4890831054787423e-08
2025-08-25,0.12719461501605753,0.11733819982995342,0.10646601748371125,0.09454976090747513,0.08232294947328755,0.07123609737569639,0.060701863681744225,0.05116116108138059,0.04277714773001198,0.035267148065619314,0.02825324627489587,0.02188261639721446,0.016289052828715442,0.011299865139561055,0.006771682311896286,0.002598578244029987,1.4520587468929085e-07,1.979294753805108e-08,1.8532716439621958e-07,4.1153159421503056e-08,1.552082269463031e-08
2025-08-26,-0.2758287436668787,-0.252089207534005,-0.2322927993993148,-0.21256078900747225,-0.19227997504903985,-0.1714065118320389,-0.14799819981197126,-0.12676879576925373,-0.10758112945726132,-0.0901345503141448,-0.0742167067354664,-0.059445735448671634,-0.045605475295109825,-0.03248184723296359,-0.019917536886881294,-0.007799507993056486,-4.410818039096939e-07,-5.98129640264831e-08,-5.568246368920709e-07,-1.2293037898117004e-07,-4.610964334142357e-08
2025-08-28,-0.0006427280042700097,-0.002614635046743441,-0.00666508286383664,-0.009198842433830711,-0.010545538899266814,-0.011163882557708876,-0.010679652441085012,-0.009828443967817018,-0.008823535789768744,-0.007930861936367562,-0.0071276166026199884,-0.006226213790202351,-0.00511562141920345,-0.003844163601695678,-0.0024587437543368276,-0.000996410850572705,-6.946196794765778e-08,-1.167635508099542e-08,-1.2312304192171687e-07,-2.9741785770328115e-08,-1.1961685118264987e-08
2025-08-29,0.006128050618983393,0.005870130751546836,0.004436938802827082,0.0023706065272746124,0.0005874522058091975,-0.0006012180455229882,-0.0002624388514348175,0.00022224306918739635,0.000485113870420618,0.0003912512444629678,0.0005876148683465484,9.129864620821581e-05,-0.0002588013946198569,-0.00038575384473250206,-0.0003409421468122862,-0.000168661230478898,-1.0267312128382362e-08,-1.8057074574251768e-09,-2.0093609373814313e-08,-5.045259777083347e-09,-2.0845603505969223e-09
2025-09-01,-0.09170453894428739,-0.08244240795561528,-0.06567096145737471,-0.048482643526250306,-0.03278367322903115,-0.020811259569050104,-0.010294723996768552,-0.0026028770264616614,0.002339745404501078,0.00548944667869531,0.007205256769089989,0.008238090002899564,0.007982931855744634,0.006689857598797319,0.004626884176016807,0.001989723278160201,1.3116370434730062e-07,2.0339938173216493e-08,2.0665177257618088e-07,4.873364017010987e-08,1.9249994269121977e-08
2025-09-02,0.011925595848690967,0.012354372641532396,0.01576614685805667,0.01697821330291574,0.016959994463535792,0.016239020726877353,0.013899491949066133,0.01147433888217136,0.009402384255935987,0.0079432468729532,0.006395920359244982,0.004414185629244525,0.002865447989917192,0.0017271904735223025,0.0008966986676995648,0.000296475118189858,1.3627225954015927e-08,1.4367656837459715e-09,1.0524728389423304e-08,1.8094545371603309e-09,5.167713895741382e-10
2025-09-03,0.2011478065614452,0.18701136227942367,0.17970850740499753,0.1665157039489124,0.15018749046465452,0.13433889073687752,0.11836857007878564,0.1032019708083534,0.08890662805579783,0.07493737973526032,0.06107068883420465,0.04845076834563782,0.03689929752664016,0.02612417482090888,0.015942666624081343,0.0062185845532276626,3.4251821419606786e-07,4.4718120529136065e-08,4.0544609552358377e-07,8.75830848094472e-08,3.2229769594659925e-08
2025-09-04,-0.013314714398222332,-0.013267871289028043,-0.002733430355198869,0.0042677825927191475,0.007480079380850398,0.008534929862369025,0.007381810656207517,0.0064187723373499705,0.005487412015776259,0.004285245450290156,0.002886006822883643,0.003125349430638817,0.003083384689520027,0.0026096008636540243,0.0018134756163388783,0.0007816570842197908,4.0308054099665844e-08,4.562589428824807e-09,3.773253498190342e-08,7.567218441825892e-09,2.6090338658453664e-09
2025-09-05,-0.08084956208930243,-0.07555337474924248,-0.06493747739106821,-0.054858599645647696,-0.04638723196556067,-0.03861429225244004,-0.030087426805547463,-0.023240745221878828,-0.017874383890781463,-0.013641678613906659,-0.010343165950037274,-0.007221659649958392,-0.004790845751383259,-0.002956809508234631,-0.0015752645736126368,-0.0005363501329889069,-2.3992240970968166e-08,-2.466103785781701e-09,-1.8326387170995447e-08,-3.2980794923965923e-09,-1.0228463852322872e-09
2025-09-08,-0.025352313408783154,-0.02177650794797727,-0.01025641120726731,-0.00016581814666347062,0.008596816684580117,0.014726767535211798,0.01834896019200303,0.019313093880047386,0.019005183515709012,0.017575189108399353,0.015037871308652946,0.013091580688945814,0.010818638428618367,0.008175210381069024,0.0052593847684837824,0.002143273881077629,1.1888452199049503e-07,1.5199691373735723e-08,1.3677327364590364e-07,2.945447899736853e-08,1.082728751099386e-08
2025-09-09,-0.03463260727967399,-0.0317646838380945,-0.025682056043443893,-0.0187626933459179,-0.010836336804255034,-0.005090323907257191,-0.0005867741717888836,0.002282439533512553,0.003925878637823876,0.004473728121369272,0.004198168728187267,0.0036266594942007996,0.00294649407278361,0.0021964225660964765,0.0013991622713535902,0.0005658604059394759,3.1728822684388806e-08,4.399696810361692e-09,4.244366901974929e-08,9.730476022211382e-09,3.784295340404069e-09
2025-09-10,0.03248803002020169,0.0303694985958384,0.030369639174306153,0.03150845130741119,0.03182035413099251,0.030607096348030414,0.026991148467523114,0.02366373205933839,0.02052653480025337,0.017574814586208843,0.014786364406421686,0.011467537604517835,0.008485026875264316,0.005856950758518114,0.0034973552663166156,0.001338519015307946,7.977842914618297e-08,1.2502898742029426e-08,1.2800904322451976e-07,3.040124752566316e-08,1.2093286224203084e-08
2025-09-11,-0.01502079285446243,-0.013901396615140197,-0.012330935976221709,-0.008716962616908441,-0.0052225029605744875,-0.0025203659241449586,-0.00034996551159912134,0.0012288860384621894,0.002183246620454681,0.0031106461467996773,0.003960068913033564,0.00397795993165557,0.0035429283571953283,0.0028189826680575275,0.0018816402618685537,0.0007881978536253876,4.7996109845851535e-08,6.995457777522674e-09,6.81121769859951e-08,1.5524645726722175e-08,5.963994150915533e-09
2025-09-12,-0.002031367600634902,-0.0014765988087242755,0.007272611318506294,0.01499515678719093,0.019272721014094985,0.0216358092014628,0.02270950657993194,0.02225310417514304,0.020916702061125066,0.01895874386534431,0.01673306302303417,0.014044959603612125,0.011167336884164571,0.008190713132776558,0.00514822170826049,0.002059071320225454,1.1995195982608415e-07,1.673638511293293e-08,1.5881057669011075e-07,3.557280572036042e-08,1.349213949977501e-08
2025-09-15,-0.08242816304717293,-0.07375439221681752,-0.06220925675663519,-0.051484836473915524,-0.041992066671962876,-0.03424680447862244,-0.029108146198536137,-0.024995713602062198,-0.02125061573450639,-0.017822033949660924,-0.014551611086192537,-0.011802462868002545,-0.009183131192120681,-0.006619211348644922,-0.0040993328801577494,-0.0016187923225683576,-9.117236349256178e-08,-1.2379922226632472e-08,-1.1551820318206307e-07,-2.554567324889996e-08,-9.58929496165129e-09
2025-09-16,0.10130939563575028,0.0937251520898864,0.08540575499130368,0.07763204748446811,0.0704980714790158,0.06391145052594426,0.05752575079671764,0.050746123284294425,0.04416135107202152,0.03791789107774763,0.032304947962144635,0.02698519080141162,0.02144423001461051,0.015720285526062045,0.00987303840231325,0.0039453411605234615,2.2897609543266895e-07,3.164762155510688e-08,2.9886641682775125e-07,6.672415911854052e-08,2.5243455385274573e-08
2025-09-17,0.028431862523766654,0.024942266429403746,0.018490654419566044,0.01438808661670355,0.01151975091356998,0.010107455174294757,0.010408221810660511,0.010471981886678108,0.010148719046530134,0.00965259983321674,0.009424758355638656,0.008619805243909913,0.007303790398922313,0.0056234311523283625,0.003669222151862102,0.0015119186554122504,9.03590083432305e-08,1.2897429426953984e-08,1.2508480352232987e-07,2.8554595877533025e-08,1.1010092319320177e-08
2025-09-18,0.05832377006446243,0.053990710781246246,0.04831956002116762,0.04360804404916467,0.03928054426592934,0.03502529814773577,0.03024342657548338,0.025681242721018828,0.021593704829831094,0.017877256519479332,0.014359914238916237,0.011216709564616279,0.008416462656689208,0.005877764522654794,0.0035420232964724126,0.0013655878948341082,7.668653727624924e-08,1.0593626411972575e-08,9.989171119566967e-08,2.2282351387088154e-08,8.431651708391644e-09
2025-09-19,6.05989141427954e-05,0.0019837689629124064,0.0013656764189824524,0.0022223592826841466,0.0041863576637294906,0.005542188496399637,0.006489995634334193,0.006828637801493118,0.006708833905567111,0.006429256470782386,0.006089827541689406,0.005022202338333232,0.0038869730775776116,0.002784281960417912,0.0017137587048096177,0.0006725555569085669,2.790115534042559e-08,2.1214446990911985e-09,9.660129207516408e-09,3.767764441479054e-10,-4.0377388728529466e-10
2025-09-22,-0.11181808644312977,-0.10343543059474976,-0.08849918763512934,-0.07293578394496587,-0.05833051341259553,-0.046706533574410236,-0.03734364624495279,-0.029764342179514625,-0.02364095832621292,-0.018545750574618672,-0.014499441213023498,-0.011101353907573068,-0.008178331790969481,-0.005617634428863373,-0.003334432145990469,-0.001267806569036014,-7.064653655613754e-08,-1.0174702009379154e-08,-9.910750505375232e-08,-2.2714468964657062e-08,-8.797435315770057e-09
2025-09-23,-0.028139411859732042,-0.024981220086231576,-0.013004260696768006,-0.0018442275031110632,0.0058633689286472605,0.011676308631767855,0.015223975933743548,0.01661337990184621,0.016815806053316187,0.01624792122722962,0.014732682752247934,0.012797844792414668,0.010488929082262066,0.007885187754796822,0.005057910275731011,0.0020575987843443645,1.1218607192529942e-07,1.4311629256025698e-08,1.2805206692531008e-07,2.73742133047575e-08,9.980724772134001e-09
2025-09-24,-0.09047608309322144,-0.08352476234523036,-0.07049139572711251,-0.06012543835211234,-0.051863064225749385,-0.0443417769829701,-0.03625269749356691,-0.029461646429575244,-0.023867706024959065,-0.018814708760484997,-0.014150842546609591,-0.010562338436372616,-0.007641042853350235,-0.00516556485569359,-0.003023451507139232,-0.0011354706651996018,-6.283444016441817e-08,-8.370201655065962e-09,-7.7068285895481e-08,-1.689353113013065e-08,-6.307724959139273e-09
2025-09-25,-0.127260022175968,-0.11709898184518769,-0.10630078485612784,-0.09521762997272201,-0.08532534585739023,-0.0754025014141906,-0.06639429187766419,-0.058227661825042014,-0.05035921129353705,-0.04315071118568409,-0.03619777508864531,-0.029469016231986597,-0.022909440369048555,-0.016494822430444183,-0.010206128452818831,-0.004027404477102879,-2.377673721845289e-07,-3.3852200687133345e-08,-3.2538553524071335e-07,-7.361903411503808e-08,-2.8155235078639414e-08
2025-09-26,-0.29048299956295726,-0.2688909934407073,-0.2504875418489344,-0.22861267484968162,-0.20494352704850294,-0.18148996757507965,-0.15871833901369642,-0.13777122193915012,-0.11813103023388051,-0.09953797119494566,-0.08042063347715217,-0.06341755162170123,-0.048071792007900904,-0.033887614705582825,-0.020596438191526373,-0.008003453029405489,-4.488290214968902e-07,-6.035896194717385e-08,-5.587543643449443e-07,-1.2277628763160523e-07,-4.584857274651813e-08
2025-09-29,0.1962248346912876,0.1783008183631921,0.1544825984039871,0.12778134711438788,0.10333644873127303,0.08285824663709003,0.06414302832367452,0.04950708317401496,0.03810110688962338,0.029120128166491822,0.02102391216058813,0.014824862883322557,0.010119502436103527,0.006459577931844904,0.0035730627055692026,0.0012686689574544017,5.7251918694055286e-08,5.513096668864049e-09,3.6587377040124864e-08,5.4570356457096105e-09,1.2241867862754186e-09
2025-09-30,-0.05061383971049385,-0.04594608618309745,-0.034202758574523526,-0.02331287005056359,-0.013671267798806388,-0.006689168979032576,-0.0015665612439449365,0.0017981877074223728,0.0037876647534213844,0.004647233797133568,0.004120571622710288,0.0034683065044277474,0.002784629079358675,0.0020592489785119282,0.001305140024954551,0.0005262540581997474,3.1153550451293415e-08,4.029394911976992e-09,3.6504264207110844e-08,7.923899118319512e-09,2.938391667137906e-09
2025-10-01,0.15432398318913965,0.1386139514845266,0.11803171788180615,0.10274074142034813,0.09001185903064457,0.07809060382017033,0.06565633200832478,0.05470311049633957,0.04529177093923603,0.03691293439355426,0.029103172156598606,0.022516811386229515,0.016787375977121096,0.01166427090357685,0.007000631058903301,0.002690225576892316,1.5069781567104778e-07,2.0665506337604952e-08,1.9392132576862427e-07,4.311636878360547e-08,1.627842190336278e-08
2025-10-03,0.15374304677670153,0.14514279209027284,0.13694918218697907,0.12730726741506493,0.11563275952464741,0.10365603581972602,0.09067883828745935,0.07873289635175865,0.06758208332178249,0.05713332408258502,0.04773002153286189,0.0384302672505806,0.02956241389813252,0.021099492380412466,0.012960344476393095,0.005082447608764535,2.860724549772122e-07,3.82723910909582e-08,3.5255682739438935e-07,7.709451959669182e-08,2.865356271866078e-08
2025-10-06,0.005179572873402638,0.0023980560775986814,0.0022744047781504883,0.004232763244606236,0.004142685998333355,0.004359070901187812,0.0050910630630608905,0.0053925631326417894,0.005391964840210166,0.0049480391674178135,0.0042766405754266455,0.0035912293707393754,0.00287445936716465,0.0021243556910703295,0.0013455049099502612,0.0005421134503551529,3.220914035693446e-08,4.921825508678428e-09,5.0304516202806896e-08,1.1992198626065055e-08,4.797929654457021e-09
2025-10-07,0.09294460349961352,0.09097253092405085,0.08576026268644167,0.07667689114460484,0.06679655106416388,0.057524214034405226,0.04950280062901288,0.04212363109710937,0.035389811383418165,0.02920364552868864,0.023703906953784104,0.018666968933391825,0.014081969177616232,0.009870329291264341,0.005961830169161436,0.002301983361542252,1.3302980665961127e-07,1.832462111108177e-08,1.7104702786845693e-07,3.768949506893277e-08,1.4075808873783187e-08
2025-10-08,0.19546742656321647,0.17678516688317836,0.15328215578109197,0.129493109365701,0.1072712969934716,0.0880160109800569,0.06932146126157955,0.053937131687999434,0.04182405456923418,0.03183690480537802,0.023658593808217606,0.01669996810909131,0.011322727149424085,0.0071715197705891735,0.003933633131116199,0.0013839712481597641,5.9558767537284466e-08,5.4788940528796704e-09,3.4157254873386506e-08,4.545292614804002e-09,7.599075771162921e-10
2025-10-09,-0.013969704649526073,-0.010573636454454794,0.0011099906656360902,0.008009858786124396,0.012085786709557442,0.01451140336419221,0.015579730240325306,0.0156751850625464,0.014979882500206277,0.013805301111636496,0.012305744512936045,0.010525864183824738,0.008504744393035375,0.006315077308310727,0.004007350912754193,0.0016151661555253258,1.0119439673317157e-07,1.528784273405565e-08,1.5271550957440303e-07,3.5577325761715186e-08,1.3926753425767206e-08
2025-10-10,0.26312891117728,0.24456512489830504,0.2117046788693529,0.18292372901818468,0.15763373547657294,0.13553025830597487,0.11602027363052042,0.09849774021393548,0.08290477332602239,0.06894243689053477,0.05583143303259316,0.04376605141011804,0.03292363669643744,0.023047741172459228,0.013920126169875138,0.005378266417660895,3.009787661658834e-07,4.032854474898416e-08,3.71534946641018e-07,8.124240687610932e-08,3.0203734231505994e-08
2025-10-13,0.03752793373117142,0.03533585743832252,0.032341549774042126,0.03151824652628629,0.03192743303268527,0.030978859778991927,0.028904942753521342,0.026286247719455726,0.02339914183887301,0.020487642644629888,0.017418980517795266,0.014163650581601881,0.010983688462637801,0.00789150401904478,0.004873914333838382,0.0019200182940980106,1.0045182241605227e-07,1.2084857042971438e-08,1.0242097545868757e-07,2.07568838282152e-08,7.178828231729561e-09
2025-10-14,-0.04062652021247733,-0.037678443231789406,-0.04129767603828099,-0.04379601704526939,-0.04422827272631454,-0.04312268066732382,-0.04116320331148751,-0.03839069073587574,-0.034864744046948656,-0.031094226756667773,-0.02709758121513027,-0.022520732747221554,-0.017774320116837307,-0.012959612772646109,-0.008104832152097086,-0.0032276483841498418,-1.8516680173563575e-07,-2.5738150727166602e-08,-2.4616462863719047e-07,-5.5844996168986025e-08,-2.1508512352084075e-08
2025-10-15,0.056673255142648,0.052814200818110654,0.05968315803017955,0.06266952924733897,0.06297896090907348,0.06069913212351218,0.05730327733502433,0.05320311600460311,0.04812001492688789,0.04250377535529298,0.03711624130039686,0.031209552224969912,0.02487473344152327,0.018273904021707237,0.01149594677667322,0.004600021547000601,2.6906019893943633e-07,3.731340316360597e-08,3.533823324535048e-07,7.910245439276316e-08,2.999555160937028e-08
2025-10-16,0.18527434155750344,0.1680588929149612,0.1496986827088774,0.13474057636870093,0.12147735384021703,0.10837095354407761,0.09570660000087199,0.08385418683310168,0.07254959947216634,0.06169233860140233,0.050984299969183876,0.041031017853019026,0.03162738694969686,0.022620495463075922,0.013923307182076652,0.005471043783729517,3.118747407400338e-07,4.283392207518615e-08,4.0309509584915344e-07,8.98082281787605e-08,3.3936611621826137e-08
2025-10-17,0.11889766431704712,0.10686346248544568,0.090221304075888,0.07542396240810001,0.06229333413692654,0.05133178203033755,0.044986637493910894,0.039969944840109226,0.034932858027027794,0.029967599121399326,0.02519535181891394,0.02076862802801525,0.01633770577946153,0.011877011580533295,0.007405036590762206,0.002940105063306983,1.6728491533808377e-07,2.279824222952933e-08,2.1299019508489427e-07,4.710047195573557e-08,1.766845649375075e-08
2025-10-20,0.17989644653248246,0.16225222611998444,0.1373751749972638,0.11594209103921956,0.09638621156628395,0.0802267212374736,0.06621906774310005,0.05469937341703971,0.045080643114815216,0.036918292072446506,0.030250585603527027,0.023677627881817268,0.017759349786179175,0.012411828266777362,0.007489878097000282,0.0028927338406324657,1.5601359824780307e-07,2.0611724963704017e-08,1.893311097573898e-07,4.1384874709649354e-08,1.539424955812918e-08
2025-10-21,-0.01542627575993659,-0.013924545571087478,-0.008832553959152358,-0.003598824211152263,0.0006155227556106737,0.003431504884668339,0.004560739384568117,0.004988819608505835,0.005035761894332962,0.0047563638098340275,0.004235435885618546,0.0037421200448210256,0.003113790039153113,0.002365759502462788,0.001529256457055363,0.0006257870350538798,3.485917142379749e-08,4.563057931242302e-09,4.192406014057508e-08,9.198506640816228e-09,3.4386656427682096e-09
2025-10-23,0.07560354417067984,0.0684519952942023,0.05885790364195201,0.050300981589574106,0.0412944817853494,0.033946582122914945,0.027501222939955952,0.022285211020546255,0.018054073111570503,0.014434293073650031,0.011009329780546214,0.008259824710952967,0.005999915398084394,0.004078498628836396,0.0024040135801439762,0.0009098483915978021,4.398103972710695e-08,5.1324083170788605e-09,4.35957449337142e-08,9.02271097666185e-09,3.229053312654664e-09
2025-10-24,-0.08843443518459065,-0.07934628533965353,-0.067552538473863,-0.059176856233883954,-0.05323332279552174,-0.04761314990422291,-0.042071914101504,-0.036787026518591864,-0.031829811895783454,-0.02718440933811673,-0.022360753514183516,-0.017758834089788372,-0.013531079010842129,-0.009588707966821484,-0.0058594075166952244,-0.0022891422317104725,-1.2957568577815354e-07,-1.7372329017217315e-08,-1.6133344506062398e-07,-3.563887443734273e-08,-1.3387880730467741e-08
2025-10-27,0.04818304347322093,0.04277257609360431,0.037011960540548686,0.031761553384027585,0.02679017205450216,0.02324793142956095,0.021090124792397753,0.019184518057390024,0.017223553440551067,0.015404452925258253,0.014168756438542488,0.012162768409526147,0.009826933235529996,0.007304712289461589,0.004640705787073773,0.001872519436196202,1.133145658375441e-07,1.6550581954201474e-08,1.6195212153739074e-07,3.713754890211193e-08,1.4352388498066636e-08
2025-10-28,-0.05005790626925855,-0.04386777764855457,-0.030196792128175314,-0.020488998185063653,-0.013281123821962566,-0.007661905452676421,-0.004043469533134747,-0.0015650341218624816,8.912343324747985e-05,0.000921552617125401,0.0017137743287347269,0.0019027008459471968,0.0017754766320168343,0.0014559018123669787,0.0009947489344969613,0.0004244830269202358,1.8420320384451696e-08,1.5191678714209226e-09,8.54600877830696e-09,9.409246207038503e-10,6.187809028302184e-11
2025-10-29,0.17336075696031394,0.15939211204609102,0.14398599837846218,0.12969609203005059,0.1176893177860225,0.10537173097002675,0.09213383679315826,0.07998712108873397,0.06864419050857022,0.05839831014395936,0.048418180213893415,0.03834584386753474,0.029068081533757725,0.02049137361818326,0.012455287592286236,0.004840412722881233,2.7352928826429053e-07,3.677751709404915e-08,3.3972495701806087e-07,7.445438707539902e-08,2.7728849095265234e-08
2025-10-30,0.01816850505104451,0.019060178891923713,0.015912005859895183,0.012535998300836269,0.009967400841415586,0.007823789924831221,0.005971293449302301,0.004281670600869387,0.0029685692260386204,0.001720349552599622,0.000496809363463349,-0.00034564626685174867,-0.0007628925945316808,-0.0008482857853895671,-0.0006794904903032791,-0.0003200926313737035,-3.0491767579556745e-08,-6.648483766387241e-09,-7.7998941410193e-08,-2.0040001742524907e-08,-8.390596998577245e-09
2025-10-31,0.006646547740177146,0.0072880942342802195,0.0028132590798136295,-0.001166119027762585,-0.004078711542387661,-0.005876762475638146,-0.007084346455537535,-0.007658375909658848,-0.007653028229625529,-0.00780090540282468,-0.0075463802288908335,-0.0067251373564150676,-0.005593506458850586,-0.004247610375381862,-0.0027419310369578465,-0.001120180096207687,-7.251049163814733e-08,-1.1095674158214415e-08,-1.1111376887518299e-07,-2.5873464100168245e-08,-1.0111968577928232e-08
2025-11-03,0.059438656778915765,0.05512454965287421,0.04576027513520641,0.037203779712012205,0.02966889761876735,0.022980161347865135,0.015083172782179065,0.009530028254320318,0.005657571584500376,0.002922226447358187,0.0009173827127246569,5.292043144839397e-05,-0.0003465507485967071,-0.0004803069252351031,-0.0004195543000543745,-0.00020739504628540078,-1.3673237153483196e-08,-2.121003251495697e-09,-2.221659289841111e-08,-5.408861773675088e-09,-2.1960172528796597e-09
2025-11-04,0.14100339905634887,0.12619013557461184,0.10557295867642101,0.0862905560545196,0.06950233661464268,0.05522486937362607,0.041004013196450716,0.030011492359068186,0.021825655528014628,0.015444337596521834,0.010431755024351657,0.00686027343422165,0.004337038754471111,0.0025366063133362643,0.0012666178588042001,0.00039812467327794297,4.221939898226421e-09,-2.154909684615753e-09,-3.7889101772498454e-08,-1.1589249162205638e-08,-5.377725072456575e-09
2025-11-06,-0.03454993111647931,-0.03028205768775539,-0.032990743421987566,-0.03366036560427854,-0.03279805601594134,-0.030816426153744147,-0.02415065655528123,-0.017703210777390524,-0.012898193636191142,-0.009582295133573374,-0.007765613471688829,-0.005944669815617679,-0.004351429896813933,-0.0029760622043789307,-0.0017609070884494656,-0.0006680656560184178,-4.180872975772893e-08,-6.087612096581602e-09,-5.800772361402185e-08,-1.2919127791489988e-08,-4.851429659515953e-09
2025-11-07,-0.09630188905760478,-0.08992173303802933,-0.07016130955650558,-0.05377276710706351,-0.040290819396476274,-0.029893547918423403,-0.021490215907851953,-0.015128329051546298,-0.010454958324799646,-0.007343054828899744,-0.006324501133705357,-0.004722633743897084,-0.003296849447172682,-0.0021400056067413077,-0.0011949700457828199,-0.0004258494897834288,-2.1167743707478613e-08,-2.8774941088456377e-09,-2.7077109689718474e-08,-6.0225653028316386e-09,-2.2746286755666696e-09
2025-11-10,0.0699259905355877,0.06369652030765467,0.061423134522731924,0.05678859092264797,0.050450529878284266,0.04428485180852867,0.039409284112765494,0.03483862263447513,0.03029865672739531,0.025790022595342046,0.021685947760423235,0.017387532651605694,0.013303569432270117,0.009449761209616832,0.0057805026094515585,0.002258513429684456,1.2212584220798608e-07,1.6059240210978853e-08,1.4741842346815419e-07,3.227199192519298e-08,1.2035511359043683e-08
2025-11-11,0.00228560089509385,-0.0013535876549610909,-0.01832652081856882,-0.02770647044178728,-0.029339634921485586,-0.028647455598475063,-0.025722585926824672,-0.022525181730689972,-0.019404406423216707,-0.016235328973844873,-0.012451312837147547,-0.008679851030734887,-0.005769868171053962,-0.0035731974267622126,-0.0019138931573596891,-0.0006563120580449906,-2.42814854333779e-08,-1.1061040552949578e-09,4.160883824045785e-09,3.4906348555810714e-09,2.115308344743635e-09
2025-11-12,0.10169763500263997,0.0903282686783926,0.07541427182705775,0.0637178794147229,0.055480379648385286,0.047866403767743704,0.04354151021404298,0.03989152359693527,0.03570768090165915,0.031239662638308324,0.026675039582633415,0.021784627999771582,0.0169505813267189,0.012213433167392717,0.00756178952579738,0.0029854794486440877,1.727733937223384e-07,2.430305510782063e-08,2.3254036033427972e-07,5.2480282377762845e-08,2.0038424050068134e-08
2025-11-13,0.011064992110211842,0.010618450604287628,0.007163699268969925,0.00458567389968342,0.0022050565468530858,0.0005738274377329888,0.002582084537632231,0.004682969258080027,0.005709579352738914,0.006022809742513259,0.006337518868699956,0.0056797303937330965,0.004671642922768762,0.0035078725272778568,0.002242696258701174,0.0009084885972775702,5.873272547780808e-08,8.929526397968248e-09,8.831565646512663e-08,2.0307777300544347e-08,7.844306148585638e-09
2025-11-14,0.03335197976924395,0.027571100657362246,0.01969606169442313,0.015624941487585975,0.013517631033879093,0.011666385432693768,0.010122954831908997,0.009042370715435394,0.008015742482826244,0.007109596987975206,0.006265359804092737,0.005242087835284551,0.004163870565543601,0.0030559488899616918,0.0019227647897104496,0.0007699008275493851,4.258864137380514e-08,5.668638452503182e-09,5.218160848690636e-08,1.1403543314205448e-08,4.235140762133844e-09
2025-11-17,0.09811722981689322,0.08830005746131772,0.07832774175975561,0.06872394023713044,0.05896896481534875,0.05065285880589736,0.04324005562333471,0.03651026829768807,0.030639984579818636,0.025506651113312507,0.021010720246596903,0.016919662371307518,0.013051320317791491,0.009341049277417746,0.005752143118976841,0.0022608503010394555,1.264912896861044e-07,1.6862309727466972e-08,1.5478025599982243e-07,3.3709506370901656e-08,1.2473066497979793e-08
2025-11-18,-0.003015179825114915,-0.00400713345413828,-0.007738715275791317,-0.00877885868316811,-0.0086634860724995,-0.008029986760583053,-0.006424842004621428,-0.004902693312259083,-0.0036908791578041285,-0.0028509908015777632,-0.002471393196002938,-0.0023163380999995913,-0.002009434453993707,-0.0015671796814246191,-0.0010292862445737143,-0.0004254959999142679,-2.7049975248692807e-08,-4.23315450432063e-09,-4.369189438472791e-08,-1.0463609626541327e-08,-4.192968550721018e-09
2025-11-19,0.15163175878660673,0.13682234769260485,0.11445174838757483,0.0932341422661368,0.07371769156449867,0.058054017239230565,0.04420734905926845,0.03350893309846543,0.025345108301851153,0.018969519427936735,0.014538423903106019,0.011023316183426375,0.00806733941838652,0.005514017807110323,0.0032583319117419486,0.0012339699826738237,7.244762054175551e-08,1.0893949726179494e-08,1.0830437353566545e-07,2.5119244582635146e-08,9.797241612790945e-09
2025-11-20,-0.06310765465633365,-0.05705562983102082,-0.04366074542699462,-0.03075532528638699,-0.0204725939161386,-0.012936015132753342,-0.008341997308323459,-0.00536986612596689,-0.0032618541602327526,-0.001792424900935291,-0.000688245399389809,-3.503274010137247e-05,0.00029799790426338584,0.0004078282819577346,0.0003531102859851895,0.0001734458483158553,1.5294291822742214e-08,2.838791670351248e-09,3.1456573617582834e-08,7.84162352780753e-09,3.2216748849434467e-09
2025-11-21,-0.053993164019811475,-0.05278085338069041,-0.061852382676525264,-0.06712328064843139,-0.06844407446396937,-0.06671706103010039,-0.06080953899402068,-0.05426928788109125,-0.04764841179377421,-0.040860672986304386,-0.033783104804207015,-0.0267376948859336,-0.020271054771923425,-0.014293846882474827,-0.008693507600293188,-0.0033811695239332877,-1.9008605904514956e-07,-2.5584900644777687e-08,-2.3664184866542973e-07,-5.193091605376861e-08,-1.9363249419479087e-08
2025-11-24,-0.057896867229873104,-0.05375876331288715,-0.058166686800922164,-0.0591436076892078,-0.056587603639115705,-0.05299160403392283,-0.04801377616499297,-0.04275809142989315,-0.037486863538433925,-0.03239267804176961,-0.027344424971317782,-0.02249127019978986,-0.017655063914134815,-0.01281763408241337,-0.007987332544326452,-0.0031712827314643293,-1.8359176282529398e-07,-2.5308106324056513e-08,-2.38481137131499e-07,-5.3148314778342296e-08,-2.0077374017449185e-08
2025-11-25,0.019976102789429125,0.019964646822448903,0.017489148904734735,0.014737445727417383,0.01245216599692676,0.010675410672463748,0.008763836070077287,0.007217751078937651,0.005952082467321431,0.004899275387618557,0.003934343237674604,0.002905081450115898,0.002053402987921923,0.0013574546682065035,0.0007777474247233515,0.0002860742363299237,1.1298338501605452e-08,7.475752367144498e-10,1.6586293594007593e-09,-6.213413255466474e-10,-5.558796784487239e-10
2025-11-26,0.1671643802467823,0.1542261934503975,0.15259311196218545,0.14871935933542718,0.1411234054871609,0.13130006912660463,0.1193509254575291,0.10642947638142217,0.09333641769334923,0.08007719619902066,0.0663390726616018,0.05312692259672567,0.04073606011684875,0.029002580971940323,0.01778423511443232,0.006965852943673386,3.965300676079158e-07,5.410629025477521e-08,5.066462145951196e-07,1.1243895916162577e-07,4.2356660841130634e-08
2025-11-27,-0.019742805599670687,-0.019207720734927634,-0.01118183446970299,-0.005002584058596005,-0.0011702737864501041,0.00066466997839228,0.0003741309684141005,0.00013818652826851172,-6.550821198134168e-05,-0.0001508695913645985,-0.00012533259316726487,-9.71819928696665e-05,-8.036453131630195e-05,-6.377633679666939e-05,-4.349056535585201e-05,-1.88501501245645e-05,-2.2919888346406446e-09,-3.194416175145744e-10,-2.952178714029023e-09,-6.352231371899689e-10,-2.2982598549952126e-10
2025-11-28,0.06198580680243349,0.05556258809209194,0.048273995953430134,0.0410865598061295,0.03494331424465016,0.029573193608517536,0.024480340665501633,0.02012897895566101,0.016476239742803066,0.013204715088976648,0.009953397746914786,0.007727735827564142,0.005833584875304535,0.004100046273711311,0.002485880902929884,0.0009640065836685946,4.96303190754382e-08,6.073211019255339e-09,5.280883025669106e-08,1.1034464947769208e-08,3.949150572063726e-09
2025-12-01,-0.10701402250686808,-0.09739915164623016,-0.08625185990309098,-0.07480169426782224,-0.06283723781822018,-0.05222416269954759,-0.04190276519116031,-0.03358837875588154,-0.026833491413116587,-0.021184118252264773,-0.01637899025754715,-0.012376711301479897,-0.009020749692567118,-0.006138746051081165,-0.0036137008810483355,-0.0013638083624673792,-7.071420204273046e-08,-8.62939514325377e-09,-7.38824535492955e-08,-1.5130575237013615e-08,-5.295789780583815e-09
2025-12-02,-0.04945205979620322,-0.04518456595862418,-0.039904443274496215,-0.03668230458272058,-0.03427499169291242,-0.03144013858309823,-0.025253347476702142,-0.019555636491080528,-0.015154053061933157,-0.01148239759796603,-0.00852722669064066,-0.006415269922432293,-0.004687132574453039,-0.00320131230426784,-0.0018936787793891673,-0.000718791166280474,-4.268162102721586e-08,-6.095176209530725e-09,-5.824915584002335e-08,-1.3098389352037111e-08,-4.98244152642245e-09
2025-12-03,-0.12937403425853167,-0.1167516829426012,-0.10442713680212616,-0.09147462337616791,-0.0802444060951343,-0.07025679445942468,-0.06105602739823788,-0.05261821323036669,-0.0449539490491605,-0.0382133933936133,-0.032270554935896575,-0.026499801858601332,-0.02076058417843463,-0.015049684454955968,-0.009366721725432504,-0.0037150292103218206,-2.0541998841441617e-07,-2.6780130349883182e-08,-2.432562483030066e-07,-5.264610191901443e-08,-1.9400165055240747e-08
2025-12-04,-0.009103509706884338,-0.008137284116768112,-0.0035416652606690157,0.0011527612056212264,0.004734551052247261,0.006753195114277233,0.007244694860217957,0.007242993904444257,0.006878680886404081,0.006295490340783687,0.0056697211772722645,0.004839307057652928,0.00389472091272371,0.002881079200403539,0.0018211900351100456,0.0007312159625063033,4.272379567421519e-08,6.112504286510223e-09,5.966520495364189e-08,1.3729907948270239e-08,5.3392669330768274e-09
2025-12-05,0.06775089285761327,0.06206325111509962,0.058741759283470925,0.05449862128243349,0.04969711429071189,0.045427835008790905,0.04207118934299565,0.03830395646181432,0.034244847328279725,0.029911170391146834,0.02561492920003144,0.021329520363832035,0.01690606642834678,0.012373255711030106,0.007764033276468434,0.003101121053468939,1.7619993651839293e-07,2.3666496304702366e-08,2.1880977438741067e-07,4.7992211374214585e-08,1.78790050486596e-08
2025-12-08,-0.19700929279223814,-0.18277390976750124,-0.1757475565685275,-0.16616684802587073,-0.1546233012990136,-0.1416116319731095,-0.12733227934527566,-0.11301028269368366,-0.0987652731627337,-0.08477393349049536,-0.07093290393973381,-0.05728247682256298,-0.04421594003633988,-0.0316537935456827,-0.019496091551439422,-0.007664156699791407,-4.3128150880718555e-07,-5.7754436019195615e-08,-5.336469776246937e-07,-1.1711519241793668e-07,-4.368998407302496e-08
2025-12-09,0.0925314621292837,0.08168661052528899,0.06217178922971504,0.04695631713509768,0.036302029113992,0.02762283015737846,0.016622769721436476,0.007887776937378625,0.0021823610850746087,-0.0013075919373177613,-0.003099287010025251,-0.004026666898372793,-0.004088974075226732,-0.0035077482813555662,-0.0024601675496744393,-0.001067570966083162,-7.422323327158063e-08,-1.2305687884605908e-08,-1.2966311059636344e-07,-3.1367997315358257e-08,-1.2638802731323879e-08
2025-12-10,0.015148496095131903,0.014335286839336681,0.010551737576163104,0.007605660235534577,0.005621818283510631,0.004164297248028867,0.003312477366616571,0.0027016595820587757,0.0021890610375355,0.0018107971160425023,0.0011882199745677227,0.0007125035458668738,0.0003963431769835343,0.00019322859351270726,7.318093370545719e-05,1.3577320417197443e-05,-2.2670518953417387e-09,-6.615551300647102e-10,-8.574186119551935e-09,-2.334950041373391e-09,-1.016200151536964e-09
2025-12-11,0.10795455169913465,0.10220441865837768,0.095591415586271,0.0869411486541816,0.077932980629315,0.06950181038397946,0.0611765832070886,0.05288730829371571,0.045183730593104265,0.037905981075999885,0.03070437045544412,0.024261909126921173,0.018409132072668515,0.01298634771407383,0.007897742142826101,0.0030706318149091357,1.7359372207827512e-07,2.3544999115015715e-08,2.1932404094124847e-07,4.8445580453295665e-08,1.817539434865212e-08
2025-12-12,0.02953893895868456,0.02911491127801615,0.037218224478062015,0.0431591966673523,0.04668804066565585,0.047869099195759386,0.04706470265984575,0.04434343324372868,0.04057089802589814,0.03621052230804172,0.03197659357609244,0.026985595655152735,0.021558322688354857,0.015870510589563378,0.010002499100425218,0.004009039530828717,2.3263838318689942e-07,3.19876317935952e-08,3.012639369950598e-07,6.71244126087011e-08,2.534912601398553e-08
2025-12-15,-0.035280886366687886,-0.03304009943483824,-0.032011936824567676,-0.030840796144989437,-0.029308107257241724,-0.02720377321689169,-0.024453488668951917,-0.021419708980145537,-0.01848800050402426,-0.015754463398906675,-0.013060331130298673,-0.010786967742536346,-0.00851840332027356,-0.006210500641858794,-0.0038805449709620847,-0.0015433837013307178,-8.663631682534604e-08,-1.1361840677577953e-08,-1.0295989539988696e-07,-2.216997755533689e-08,-8.11907486590566e-09
2025-12-16,0.04959987317327858,0.04315354511734505,0.024590250436402644,0.004397134385652043,-0.011048309363069098,-0.021519109661416794,-0.02711455142640908,-0.029505000286065407,-0.02966513979510621,-0.028194263800396434,-0.02506323262077097,-0.02110488467696397,-0.016841459169233505,-0.012393161651656284,-0.007814391599728038,-0.0031348020596083286,-1.8529225121457722e-07,-2.6133415841067387e-08,-2.506957389122206e-07,-5.674786262133457e-08,-2.1736724212564535e-08
2025-12-17,0.014625362320043097,0.012770896281282616,0.009736812422280175,0.0069589460524925924,0.004168642353185016,0.0025518478609804895,0.0016459249649833645,0.0010735249062163398,0.0007387351985286998,0.0005631163758099475,0.0005186172115607057,0.00040352527080011563,0.0003023234083703225,0.0002156314270613891,0.0001341191654494616,5.362460226810232e-05,2.019443539011694e-09,1.2261443479000615e-10,4.477879555017084e-10,2.7205481886500144e-12,-2.2110305430894388e-11
2025-12-18,-0.0350276478927711,-0.030263941765266145,-0.02715685368425702,-0.022849497421680715,-0.01807063014893992,-0.014349480187666823,-0.012315592636464237,-0.010683349604122282,-0.009135849224094201,-0.007888984945700662,-0.00716744521026042,-0.0063332951841845835,-0.005238825481369347,-0.003958463235555592,-0.0025437026046549274,-0.001034887212855647,-6.184913499690642e-08,-8.536400767285043e-09,-8.001925891935376e-08,-1.7703155186466766e-08,-6.635751314786865e-09
2025-12-19,0.06319733353354802,0.05948649197580301,0.054505265341396894,0.04902298968848091,0.043312750648299904,0.03798827503313526,0.03402182615559558,0.030324376592554197,0.026561099867912774,0.022864736480184722,0.019438633539404886,0.01598556470313464,0.012515710847799814,0.00906149040966584,0.005631925141379679,0.002230580538879851,1.3028189000788172e-07,1.822635470185811e-08,1.735094453344289e-07,3.8995894675320145e-08,1.4840367011697985e-08
2025-12-22,0.052949464041169944,0.048378419280843424,0.046526897379281694,0.04439145713321202,0.04177160750314231,0.03873217634343137,0.03606046509070865,0.03274449428277974,0.029080287101376674,0.025348946681563154,0.021925827631171405,0.018127325617491672,0.014238039600437138,0.010334749074167,0.00643506949974112,0.002552121980733254,1.512700030951551e-07,2.1932807824600388e-08,2.1411166467563358e-07,4.909375762860277e-08,1.8996679568583027e-08
2025-12-23,-0.06194656898131581,-0.05586139429073698,-0.04581771222096942,-0.03860451295159961,-0.03344339521808685,-0.02886888685234624,-0.024722261267827592,-0.020993067837830552,-0.017683641528161393,-0.014541525319254197,-0.011877046894973087,-0.009324647564489115,-0.007012374591995729,-0.004907417959312686,-0.002962897253964975,-0.001144219652177139,-5.847000641389975e-08,-7.128276044050589e-09,-6.146939481009917e-08,-1.2707943229561927e-08,-4.493370726208656e-09
2025-12-24,-0.06598523362862564,-0.059397789721454465,-0.052965857213632755,-0.04617417527402756,-0.0395398916308515,-0.0335786527166641,-0.028086126624672223,-0.023589603062157755,-0.019681925227407505,-0.01622074158837557,-0.013025974658402493,-0.010066300197771307,-0.007474338021895171,-0.0051749228218627204,-0.003096486258675125,-0.0011867541513887444,-6.483264971875769e-08,-8.813747835945591e-09,-8.244614060998601e-08,-1.8293647176124293e-08,-6.8951095142770125e-09
2025-12-26,0.06300166544318823,0.05502230122375065,0.04344438480718245,0.03315694611928015,0.0244486582209672,0.01766290229609603,0.010992847751368601,0.006024754855462829,0.002716366744901023,0.0006559371963024784,-0.000768005759476815,-0.0015343751889047774,-0.001752984192344029,-0.0015880219614244546,-0.001148114459378083,-0.0005077194366712309,-3.4804837759004126e-08,-5.651957258859393e-09,-5.896341378800517e-08,-1.4183665149686474e-08,-5.696830552164958e-09
2025-12-29,-0.036503510027557674,-0.032360358110288256,-0.025952748286504623,-0.022100423522131832,-0.020881648463507544,-0.01919477646993346,-0.016447376889310097,-0.01366000556160109,-0.011270083628491936,-0.0091359331217381,-0.007506646856110176,-0.006129445105336203,-0.004784899786830129,-0.0034542459508009574,-0.0021398831468598754,-0.000844753782760926,-5.448325993117911e-08,-8.538200412107967e-09,-8.632110457059597e-08,-2.021192039005475e-08,-7.929066762965834e-09
2025-12-30,0.0035936518248776213,0.0042769609004917235,0.008106193958282692,0.011842798390336693,0.014795375273040257,0.016801117542596056,0.017480943111640664,0.017089766919994823,0.016096823872048183,0.014585687075925847,0.012893416735339279,0.011251209707756088,0.009268364106428343,0.006988470349599923,0.00448857076010099,0.001826720451893878,1.0067587937449491e-07,1.2965861819396221e-08,1.1704160855709521e-07,2.522918742411831e-08,9.271498698960243e-09
2025-12-31,0.16107892519333836,0.14804696594997102,0.14191379073870275,0.13426806371242553,0.12433504795329689,0.11371626999355808,0.10174542365133636,0.08990584922770258,0.07836215452022241,0.06722336383259277,0.056146209114472795,0.045425266667272,0.035148546124498206,0.025220362781502408,0.015566504042593536,0.0061313221985463484,3.4848921846202406e-07,4.729292949802192e-08,4.4085815709589655e-07,9.741364103481161e-08,3.6540631070524474e-08
2026-01-01,-0.012698491992231586,-0.011716112880497148,-0.011151069552219365,-0.0094734961197198,-0.00676746586433325,-0.004467365479768095,-0.0030310354960066048,-0.002087018789773994,-0.001367629453727761,-0.000347211368461556,0.0011742261862303467,0.0023022776158884498,0.002660875216476353,0.0024335268776054493,0.001771363595029294,0.0007876670382562889,5.1284466533655745e-08,7.562057984170976e-09,7.427406976172875e-08,1.701527883835924e-08,6.5464020270436406e-09
2026-01-02,0.07879191034639994,0.07284733605765444,0.06959593909142663,0.06447684843481503,0.05868714016570947,0.05310222781990136,0.04846402297348221,0.04356178689867647,0.03846246343675653,0.034274616662430375,0.03021729489220751,0.025538495218726007,0.020434862731976772,0.015060544274610479,0.009497583796645464,0.003807571991215689,2.2327816659236827e-07,3.139040533302769e-08,2.995565498109305e-07,6.737870928180938e-08,2.5634547282420656e-08
2026-01-05,0.05281302583982168,0.04831901480566677,0.04185384757055148,0.03714156341882923,0.03327607957920336,0.03012437569478533,0.028741843138878568,0.02707982082427485,0.0248163262176185,0.02193076254282439,0.01834276310041679,0.01465802745454998,0.0112182884950924,0.00798018922059037,0.004893009338101498,0.0019173210778063797,1.0970767329469218e-07,1.4518209944983828e-08,1.325416305502915e-07,2.8769290570279425e-08,1.062326646850718e-08
2026-01-06,0.26558517244504165,0.24597985428219937,0.21435686322141712,0.1835728284876121,0.15414893941426897,0.1292076066981022,0.10821663056407038,0.09037131859766397,0.0749705065674846,0.06132911400894957,0.048622173886570495,0.0372887844760602,0.027511239388824063,0.018930743734308662,0.01126076832232678,0.00429184308914153,2.348540126091786e-07,3.035715056724953e-08,2.720221850729867e-07,5.8098761198914117e-08,2.1158478009317194e-08
2026-01-07,0.26213082070401983,0.2351108659910475,0.20232228578658404,0.1710040751678909,0.14187178506707832,0.11640417145787198,0.09099767475663334,0.0705885714506489,0.054571607670351976,0.04152786732157549,0.030506065526324982,0.021640840447628734,0.014798655307272247,0.009458209689162132,0.005237340147366192,0.0018613670380073037,9.15436253608058e-08,1.0588353776243349e-08,8.57854370451346e-08,1.6594428790216734e-08,5.4723350809260044e-09
2026-01-08,-0.12213929052317067,-0.11261288971295984,-0.10655378622265223,-0.09875278669041058,-0.08945231587807725,-0.08052858559666395,-0.07211777229445054,-0.06385924721755616,-0.055723157749920954,-0.04792834585604659,-0.04115582638740605,-0.03412941597760353,-0.02690071680606957,-0.01958873922302581,-0.012235265453815355,-0.004866814712732199,-2.8477862874694106e-07,-4.033806511257127e-08,-3.877705505270709e-07,-8.784061289973842e-08,-3.364653566311519e-08
2026-01-09,-0.1199614278249357,-0.10831444193932616,-0.09797383771517519,-0.08954184001477988,-0.0822106997298928,-0.07441931007927938,-0.06519968236502202,-0.05606811074246724,-0.04773431935451733,-0.04061603548828978,-0.034375397410821254,-0.028138507729467122,-0.021967201405352785,-0.015874537555761098,-0.009851246714529074,-0.0038967585978027116,-2.2548486808806115e-07,-3.112032448811017e-08,-2.9334946089565403e-07,-6.53841844773605e-08,-2.470291632211875e-08
2026-01-12,0.04825206132190611,0.04309729697800314,0.04198617577835394,0.0397164106995726,0.0373272513251464,0.03501351958459033,0.03411551730220749,0.032819458465614945,0.030535815655199815,0.0275596307463794,0.023953614947133894,0.019854853260520774,0.015656931395477854,0.011414962856010681,0.007141730594938551,0.0028460644250438783,1.6659949169614753e-07,2.3312258977796286e-08,2.222609307941591e-07,5.0028124463331895e-08,1.906052252333135e-08
2026-01-13,0.014041259049747422,0.011721584307098793,0.006296779773099915,0.0003347242601638332,-0.0047376464063149,-0.00794912058495469,-0.010417722278840611,-0.01148706716976552,-0.011539527156835698,-0.01088769865008108,-0.010887984048718167,-0.010242130093199084,-0.008807200998197592,-0.0068349402445552244,-0.004480998208167943,-0.0018517544554103504,-1.0865707753379869e-07,-1.539399835849149e-08,-1.4862187595385147e-07,-3.380123822091839e-08,-1.2989275301720562e-08
2026-01-14,-0.11734806997395417,-0.1047147708709421,-0.08561423592140945,-0.06623367421488395,-0.04952094102077356,-0.03649555310264791,-0.029228205986252212,-0.023775914311569914,-0.01916167012758475,-0.014456690671425163,-0.010205451909300884,-0.007059076505382216,-0.004699465892391535,-0.002907943387851696,-0.001551546932102097,-0.0005284827947750485,-2.564900471212562e-08,-3.4851844672366133e-09,-3.324062127954429e-08,-7.652272926177815e-09,-3.0301594605051934e-09
2026-01-16,-0.11404046219140217,-0.10533530271273434,-0.0928861443048547,-0.08139801980142422,-0.07080677939074435,-0.061295331610248076,-0.05484899392797757,-0.04865072816154832,-0.04237601442740104,-0.03627939466007414,-0.03021216318788602,-0.024084480779103898,-0.01835083790195286,-0.012986044345082166,-0.007916531459122817,-0.00308346384423694,-1.6760301882372097e-07,-2.1387603950026144e-08,-1.8953877545635763e-07,-4.002192993819425e-08,-1.4404824413321933e-08
2026-01-19,-0.11616654165778312,-0.10706333548407708,-0.0893784355443433,-0.07335774428005097,-0.061204348035095724,-0.050442268700350394,-0.039561681204423424,-0.030958366818139224,-0.024136787471767562,-0.01882514507431154,-0.014455049578205667,-0.01081642261115593,-0.007803337245197151,-0.0052567147438802525,-0.0030636023891841414,-0.0011450525421195037,-6.974160237187421e-08,-1.0750785751552443e-08,-1.0816807499892412e-07,-2.5292198244807387e-08,-9.924719949895107e-09
2026-01-20,-0.29583297825412935,-0.27119626056772184,-0.2543794962492913,-0.23577175592520816,-0.21542660201221026,-0.1941817407246426,-0.17372163562230966,-0.15361633762860566,-0.13375337262306478,-0.11430550649043637,-0.09505814865925238,-0.07670180019043078,-0.05920121979716662,-0.042375989060495486,-0.026095028566596803,-0.010256086445385445,-5.814817500130255e-07,-7.884425232108742e-08,-7.355034043574638e-07,-1.627442679433626e-07,-6.115577527435557e-08
2026-01-21,-0.018755675290170536,-0.016822914028995793,-0.009778992950491323,-0.004507802658366059,-0.0003026493639254402,0.0021891020426645395,0.0026309375324686983,0.002597049957915345,0.002414449918443857,0.002129493385420967,0.0014221258281193418,0.0008006825268124592,0.00039686068380977786,0.0001511648569666104,2.4035227331287275e-05,-1.3749478436724098e-05,-1.8097892743283293e-09,-6.307283178791833e-10,-8.452058606520598e-09,-2.330354307891923e-09,-1.0218280711741257e-09
2026-01-22,0.03362265270806579,0.03391032960640193,0.03722753289208805,0.040924085832315875,0.04487967610843011,0.04622147449299061,0.04584035928309596,0.04400620692851327,0.04078907166428248,0.036748808954979444,0.032059453456000815,0.026795989470975706,0.021256406515551426,0.015558502203736795,0.009759879312340888,0.003896405080160864,2.312367092040485e-07,3.317763700164819e-08,3.2099187528914633e-07,7.302537206923056e-08,2.8060968975061298e-08
2026-01-23,-0.07629779429329238,-0.07119564753594229,-0.06900177036999103,-0.07370903096072844,-0.08259982656579913,-0.08612112893395706,-0.08501812468475893,-0.08056361391304051,-0.0740260166315357,-0.0662617763561487,-0.05757344751742268,-0.04792622155809883,-0.03790229217853953,-0.02767902312355534,-0.017332989659609162,-0.006910270265089067,-3.9181558827938133e-07,-5.2641907357247914e-08,-4.882308061059972e-07,-1.0752183086964401e-07,-4.023431595050554e-08
2026-01-27,0.06054790019710925,0.05799077979387829,0.060221596552209426,0.06756571033991506,0.07564153614141227,0.07881764027190044,0.07371455815580799,0.0667447588323221,0.05940447961712416,0.05209628445488954,0.04447744810318595,0.03556351214446401,0.027118882099801993,0.019223294047941663,0.01174845593916427,0.004589760215247923,2.601601607640047e-07,3.487390340841999e-08,3.2152401342802744e-07,7.035460724890017e-08,2.6161612492079746e-08
2026-01-28,-0.012558906194697274,-0.007243358447982995,0.0007022251402417148,0.0076770869433088395,0.013536429915957942,0.016363254489584988,0.01228010256429453,0.00812825270926831,0.005199551258016737,0.0033236476865974324,0.002022674896782253,0.0015245882274297774,0.0011582038647985746,0.0008179956549486026,0.0004968309048212426,0.00019289607397972327,1.9486944326564252e-08,3.751313151228069e-09,4.1312481017633384e-08,1.0194994264812203e-08,4.1477068595824376e-09
2026-01-29,-0.15815855501178827,-0.1425362856378214,-0.11470348203262384,-0.08569388214054759,-0.0589751912184531,-0.03905383937481233,-0.028959462205935385,-0.022023985234663968,-0.0165450033606526,-0.011531430479245399,-0.005871886051957293,-0.002366785139812081,-0.000379320232247034,0.0005983554201440931,0.0008227609153897826,0.0004770427311778145,3.432183078156315e-08,5.3558042150581784e-09,5.53479261118158e-08,1.3247792654023908e-08,5.292901004374764e-09
2026-01-30,0.10772567849064085,0.09427218241893032,0.06763624615674842,0.047274439082648695,0.03213967678519406,0.02099396173255886,0.013633331969713738,0.008557671405790626,0.005055057201313328,0.002564864327197147,0.0008477865073934337,0.0001380283305723328,-0.00019703674582248655,-0.00032046247674334276,-0.00029129973376275126,-0.0001463622819820463,-1.75798777870583e-08,-3.641715423211127e-09,-4.136214655253046e-08,-1.0415600088026321e-08,-4.301170380632779e-09
2026-02-01,-0.10734604059055869,-0.1011391268503607,-0.10157607624300774,-0.10396507647926094,-0.1078539840013865,-0.1080829553650276,-0.10686984014155078,-0.10237275562703313,-0.09491568038199052,-0.08582073173055631,-0.07571610198303456,-0.06402702552780934,-0.05127988290122653,-0.03783286964576478,-0.023890029922572498,-0.00959127597866282,-5.654837566980757e-07,-7.9692915937504e-08,-7.625031956598759e-07,-1.719944037713199e-07,-6.562061462024932e-08
2026-02-02,-0.02619360318660009,-0.024653239283547495,-0.01851298517443231,-0.012516139982938868,-0.0035722014128655357,0.002847018954799068,0.0090344875359634,0.01295375414494185,0.014745917203279791,0.015377150543385251,0.015958965782421133,0.01565203540998056,0.013881736563311266,0.011009626292751002,0.007333951784779166,0.003068601557268861,2.0824094235232854e-07,3.308362752935137e-08,3.3833474530020753e-07,7.996871984585112e-08,3.1613021009050325e-08
2026-02-03,0.5579378469187054,0.5113426565160178,0.4696363990731314,0.43292370077131603,0.3998303966467244,0.36374458320456204,0.3241181969768942,0.2848221668226251,0.24691498732834138,0.21035049594495972,0.17465980645367307,0.1401189100655202,0.10756689350616504,0.07665494870414814,0.04703199582225607,0.018428316470561066,1.044772128522585e-06,1.4181417396707122e-07,1.3209790498902814e-06,2.916503657899954e-07,1.0932619738662996e-07
2026-02-04,0.0690679348205976,0.05988158755774692,0.05100609376065698,0.042850427145516234,0.03798761605648265,0.0338158350405513,0.03163563983908687,0.029119934569530607,0.026203977353476873,0.02359682883753399,0.02150073634709261,0.018764884940687693,0.015387928747877842,0.011559686102131326,0.007401035213344986,0.0030040336779979674,1.7895137854849523e-07,2.4472726626400848e-08,2.2717465970796168e-07,4.975623305190541e-08,1.8452889940486755e-08
2026-02-05,-0.02376722795937984,-0.018425937587420848,-0.010410567126821512,-0.004813637319661902,-0.0007378541940085423,0.002069897455987545,0.003173508378370962,0.003494003150358446,0.003504239315923983,0.0031717080762514185,0.0020554912895471775,0.0012276045498624988,0.0006833967658908184,0.00033070481827602335,0.00012288066069829367,2.1442919628955976e-05,-4.54897510947614e-09,-1.711529730546318e-09,-2.3219370329338725e-08,-6.430422854000895e-09,-2.8224841523786753e-09
2026-02-06,-0.016431470321956226,-0.017831369992011098,-0.014000985025572382,-0.011015418279215265,-0.010215954375426998,-0.00952301707071098,-0.00995314905310975,-0.010048788165402795,-0.009583644962455926,-0.008707850520917024,-0.00690877580629939,-0.0052825117016745545,-0.0038886793169980033,-0.002667332745028319,-0.001582959091045336,-0.0006022070721789851,-2.8919014967408568e-08,-2.93008612786037e-09,-2.0632300246482384e-08,-3.3462719410997216e-09,-8.681538913566295e-10
2026-02-09,0.44917089127248266,0.4108878355949762,0.35785893043138944,0.30667002944712884,0.2612968226450638,0.22273005125269152,0.18756856276010608,0.15762458061736656,0.13182821541708323,0.10852580220687659,0.08685750140516314,0.06758781473411744,0.05060516525682928,0.03531113658686184,0.021281561773929966,0.00821138618512537,4.531800556433677e-07,5.947655292030186e-08,5.406010724399467e-07,1.1696173399415427e-07,4.308935044824175e-08
2026-02-10,0.0450059353504204,0.04414341747696652,0.04010860300234616,0.03620671469960272,0.032193667313071696,0.02888207176613914,0.025744716040588443,0.02238320928810677,0.019237003975221406,0.01646239766778447,0.013882671485072448,0.01174477372692478,0.009452839916213273,0.006999724252077985,0.004431773039925321,0.0017827523043084474,1.03027279164308e-07,1.4027610938769188e-08,1.315577031163099e-07,2.9263961928255642e-08,1.1049742376277633e-08
2026-02-11,0.16150550835663507,0.15110121856616085,0.1328352193473488,0.1142859530997065,0.0973248825363765,0.08327001216086087,0.07159167205568909,0.06108668215985629,0.051716447747397254,0.04319998880917418,0.03504756846537082,0.02744848780881286,0.02063619229032343,0.014443598756694306,0.008724846917031,0.003372112259836828,1.8298307706168897e-07,2.3492111798313748e-08,2.0961782342428834e-07,4.458608144007158e-08,1.6169160019973896e-08
2026-02-12,-0.010613941713181781,-0.013603510991726016,-0.007651746895408278,-0.004444709381796668,-0.003441495414946267,-0.0027861123460368484,-0.0023028293602028707,-0.0016109187725065496,-0.001035470428983779,-0.0005987867237719452,-0.00015574804301117485,-0.0003505731488607883,-0.00045819290049662633,-0.0004319575815750937,-0.00031475646190274833,-0.00013869869143202633,-1.2052408881363848e-08,-3.2977353987387345e-09,-4.368713121772441e-08,-1.2181693798546555e-08,-5.422644559523917e-09
2026-02-13,-0.17195637729046262,-0.1570064389198814,-0.13740480367756294,-0.11970914881958833,-0.10490471120113892,-0.09149982631607154,-0.08011977258936064,-0.06980880715965558,-0.06007315168725234,-0.05104921367653161,-0.042341753919460136,-0.03417635135946573,-0.026399689887084795,-0.018911627797779097,-0.011653203810582016,-0.004582584276912858,-2.685480477626545e-07,-3.8303600674729513e-08,-3.6970077568880834e-07,-8.40202327498065e-08,-3.2273847693693464e-08
2026-02-16,0.02379970079516709,0.022168992352778524,0.02083990618261866,0.022087351455291247,0.024184930385156605,0.02482847405084567,0.024037109254116715,0.022934463757823646,0.021219771566025704,0.01944173771987621,0.017781931964667874,0.015184220838907038,0.012208764441181463,0.009033167576516891,0.005715789946268945,0.0022982146402582507,1.4237770733040196e-07,2.1093464187174665e-08,2.073804158455266e-07,4.766933504174576e-08,1.8449792218568868e-08
2026-02-17,0.14738305919519157,0.13283282541035166,0.11260008751213524,0.09534677160078307,0.08158112275549721,0.06949871141328823,0.05991855893477694,0.05157487979827503,0.04393291094488402,0.03670115647965797,0.030079254998412606,0.023779668325804103,0.01800654229153358,0.012680217508873116,0.007701223450371049,0.002990953308613723,1.655339961235469e-07,2.194784213392226e-08,2.0155669369835241e-07,4.405759854055406e-08,1.6395015241947696e-08
2026-02-18,0.08638292453548187,0.08230606140107176,0.0808069457098166,0.07714409190633885,0.07058836252986517,0.0638348992069162,0.0561253916293631,0.04874205758324169,0.04185522243856948,0.03526845092455214,0.029073227120209412,0.02342890810367391,0.018079618226616315,0.01294088983176873,0.00796943685633282,0.003132561421501328,1.7475667262166647e-07,2.3121459844596513e-08,2.1192162987683052e-07,4.620768928687367e-08,1.7144485567439465e-08
2026-02-19,-0.12321657182325994,-0.11231807624737436,-0.10482149027348649,-0.09871239193357317,-0.09331848131336365,-0.08697504314262529,-0.0806524159469229,-0.07345390084760708,-0.06554704433985743,-0.057424025291565976,-0.049318134886376645,-0.04112532528365169,-0.03262074231828897,-0.023880817101559728,-0.014982328542232628,-0.005982092260372789,-3.545193902680427e-07,-5.0274951335417126e-08,-4.830833597364531e-07,-1.0935542032908993e-07,-4.185368372284276e-08
2026-02-20,0.10264320292146228,0.0936499434856624,0.08722400078435907,0.07993666147460493,0.07155612956377426,0.06364173175804624,0.05651218711216266,0.04984034017339463,0.043369652628300386,0.03757191110529275,0.032387487716437124,0.02670379415658189,0.020930840211239025,0.015176626057663586,0.009448583770500011,0.003748716232745344,2.154768139944215e-07,2.9487883025659664e-08,2.7666790458319e-07,6.146497786540527e-08,2.3162690271926697e-08
2026-02-23,0.09918291987955187,0.08963686079861635,0.077774980845852,0.07009340054426981,0.06557568707088766,0.060452510966028335,0.05450339190881431,0.04838615735195025,0.04233915917661939,0.036474134064119944,0.030930623493141234,0.02540504790895568,0.019896107731799152,0.0144167384094619,0.008969597267083266,0.003556589324875143,2.0884081856393814e-07,2.9191956646094183e-08,2.7693473384144824e-07,6.197231120843078e-08,2.347407808212963e-08
2026-02-24,0.005392876168710078,0.004294271349896877,0.00502039088921694,0.005277187820425608,0.005170469590806819,0.004747931546059891,0.0030398018194417813,0.0016892669795982548,0.0007833898484445521,0.00048150930221647686,-0.0013069902581592126,-0.002468719727233607,-0.002775496396758794,-0.002498034305764308,-0.0017988769301079505,-0.0007934517935787419,-5.696338441978706e-08,-1.0112416080985121e-08,-1.1060680617945222e-07,-2.7437065911743456e-08,-1.1258966344972911e-08
2026-02-25,0.1160569571389719,0.1090588331065073,0.1055193907064744,0.098665778570795,0.08784020262580264,0.07751047133591289,0.06787442118473934,0.05865620671460651,0.05004280051118454,0.0419206722592361,0.0339217213322332,0.026958804988623224,0.020569054409043067,0.014577210783627078,0.008899711415417885,0.0034716829907719946,1.983179818401345e-07,2.7055978193820263e-08,2.5266983092044616e-07,5.5907363610690935e-08,2.100173392338168e-08
2026-02-26,0.12344283227559426,0.11341100531114283,0.09869855640800643,0.08510165030551657,0.0740641038224314,0.06429214769701427,0.05492743267160053,0.04630651754777825,0.03874659833697837,0.0317824833905964,0.025289263205613956,0.019419439240623664,0.014342994567416013,0.00988020741761307,0.005883420796168201,0.0022445772195037648,1.1814429797071513e-07,1.492993164344618e-08,1.321679373353578e-07,2.7982261573434316e-08,1.0121703578811323e-08
2026-02-27,-0.16435353403338687,-0.15058308673404977,-0.14043744925534768,-0.1302614899895144,-0.11983361123250635,-0.10904529226224861,-0.0988086224838312,-0.08805990756189402,-0.07717484162541975,-0.06625447936665152,-0.05556979310077528,-0.04526756242033998,-0.03522508237041406,-0.02538498530558352,-0.01571890564328144,-0.0062068373205254575,-3.615526151629366e-07,-5.050296514672776e-08,-4.798666241506492e-07,-1.0764865662000021e-07,-4.0896191797920285e-08
2026-03-02,-0.08176637296747816,-0.0746929451343602,-0.0684799808824924,-0.06475886702054404,-0.0632972608660395,-0.060734180807625736,-0.06022750799676539,-0.05793857368571196,-0.05378967547050782,-0.04849221405450924,-0.04350539153076792,-0.037599566335574826,-0.030602996674423975,-0.02285155923755457,-0.01456427321840732,-0.0058903139429072335,-3.4342417630040346e-07,-4.781461287688501e-08,-4.553305857787247e-07,-1.0246541264636198e-07,-3.904465842299589e-08
2026-03-04,-0.1740134596625056,-0.1641877589562887,-0.1713520601562954,-0.17265206558961185,-0.16868228134542507,-0.16058578969264745,-0.14897614113146115,-0.1352863064667698,-0.12038848920149281,-0.10503448439116876,-0.08946745295113334,-0.07374035799542641,-0.05790209269315181,-0.042043320173136035,-0.02620651996128221,-0.010408282016996714,-5.978080060367141e-07,-8.166837162507598e-08,-7.663651303358402e-07,-1.7042055831686806e-07,-6.430782385788023e-08
2026-03-05,0.1843239894298118,0.16845482537870224,0.1609356237552522,0.15269320407924286,0.14498470036938152,0.13468948588095914,0.12231458043658758,0.10891310133244803,0.095350426309575,0.08237587461126646,0.07035833407414727,0.05831226148556293,0.045981160199040694,0.03349169016868369,0.020922336800360562,0.008322954778086346,4.787827087598903e-07,6.570692396070014e-08,6.174651227654651e-07,1.3730020665888488e-07,5.176575891519496e-08
2026-03-06,-0.09416936012754946,-0.08716886525478901,-0.0814528123076166,-0.07787094948218505,-0.07442699029046926,-0.07029682525155671,-0.06570945693853898,-0.060150327414247154,-0.053963445904824735,-0.04712074781940871,-0.04061344593005857,-0.03356255295354273,-0.026379532850329346,-0.019172862184580083,-0.011961509928806562,-0.004754665030983252,-2.794922917027627e-07,-3.901857182722854e-08,-3.7077566604537904e-07,-8.32132526139824e-08,-3.1627816893794584e-08
2026-03-09,-0.2218996142378952,-0.20395191711142382,-0.1903790100304197,-0.17809497298616392,-0.1671897141847189,-0.15569435991290673,-0.14585197145293002,-0.13400770652030422,-0.12045423314157122,-0.1056543143766409,-0.08999803450448936,-0.07460204432460145,-0.05892800308866692,-0.04300351063908964,-0.02691743138495216,-0.01072885683120598,-6.237121623065333e-07,-8.584241090626617e-08,-8.086330897501248e-07,-1.8027515021539567e-07,-6.81469947551248e-08
2026-03-10,0.15618237128749787,0.14363787521156304,0.1320118410541063,0.12074945438317845,0.10878056933751833,0.0978643402578995,0.08997375581974412,0.08175486234648781,0.0728278336158155,0.06326419453000598,0.05287063890013108,0.04324215147894703,0.03381843825502555,0.02448169827910683,0.01522354400984444,0.006034690134147376,3.523128146278751e-07,4.8812035802672755e-08,4.608749110351868e-07,1.0286076018641365e-07,3.890742402952985e-08
2026-03-11,-0.1558502703211964,-0.14168963017073619,-0.13929441756440683,-0.1376720067294868,-0.1319315462474159,-0.12419713034672146,-0.11614516499047042,-0.10660472535399827,-0.09575476064633306,-0.08372327909897949,-0.07108546533582623,-0.05866136833220627,-0.04616844487763158,-0.03359418506899238,-0.020977029483392168,-0.008343858203983442,-4.761914458077227e-07,-6.47504024721859e-08,-6.060676609840991e-07,-1.345237115572633e-07,-5.0686314555203656e-08
2026-03-12,-0.061529174059910256,-0.05766117561559756,-0.06069317801917339,-0.06339990516095269,-0.06388420419896866,-0.0626191957347729,-0.06147513055811759,-0.058081021454563404,-0.05321898469448484,-0.04656985253117534,-0.039606381336728586,-0.03338483803235497,-0.026766062424358084,-0.019758228760358626,-0.012480324550484572,-0.005011431226943002,-2.9247447057832735e-07,-4.045411115665531e-08,-3.835344381248145e-07,-8.606439964505473e-08,-3.273763056829618e-08
2026-03-13,-0.3197875001342904,-0.29766365240418624,-0.2793454717204625,-0.2600560974701335,-0.23917191439580934,-0.21812937458167572,-0.19704538308792413,-0.17539766793006253,-0.153730156961198,-0.13212848195477356,-0.1119907521583189,-0.09222621847696527,-0.07237112205253204,-0.05251778173575777,-0.032715440302808284,-0.012985682605522646,-7.460335009442287e-07,-1.0203736462878518e-07,-9.57295878546377e-07,-2.1272460548197217e-07,-8.019920782925264e-08
2026-03-16,0.04418950683326277,0.04183547434834929,0.04937571486410923,0.05474512939398913,0.05693094310510678,0.05696682109752114,0.055697118549556945,0.05279378540846462,0.04857605644706681,0.04308831378156679,0.03649514069856649,0.030465942543672502,0.024258109226305623,0.017819506543746984,0.011215870646581102,0.004491886759467102,2.6472151695215455e-07,3.674678680932604e-08,3.487156186762122e-07,7.82546133428043e-08,2.9753467141713094e-08
2026-03-17,0.023335865083250487,0.024632101567900445,0.03134640438871711,0.035082290824470425,0.035761126991402346,0.03567460984206924,0.03604518727805163,0.03492606272508408,0.03256475673667898,0.02941020516717851,0.026603150570992076,0.02346925848554034,0.019425824284233985,0.014687799942025829,0.009448380928597714,0.0038486324349061673,2.2375677014425058e-07,3.073911639353727e-08,2.890991230477347e-07,6.430501019089017e-08,2.4243200238441087e-08
2026-03-18,0.08939256382290212,0.08209795874527055,0.07669226606603992,0.07413799348339493,0.07246651051135024,0.06887043147294195,0.06399541565742449,0.05837304511306631,0.05214642412345626,0.045180974491988934,0.03840956242708911,0.03197504577483865,0.02534668770505017,0.018543909016332915,0.011628065075661144,0.00464075204252247,2.686423913997913e-07,3.7249344666055685e-08,3.531310370096009e-07,7.914906118092826e-08,3.005577192506051e-08
2026-03-19,-0.35895788871982875,-0.3297249365262458,-0.3126509138824773,-0.2949394709360899,-0.27397153237641053,-0.25092354228289726,-0.22796257674395914,-0.20416723880071078,-0.17973139339710914,-0.15494684547913667,-0.13070240558225482,-0.1071898410277387,-0.08387122982921379,-0.06072123217490981,-0.03775128560322756,-0.014959308116335128,-8.617418613328789e-07,-1.1888087838461876e-07,-1.1227308034602903e-06,-2.5091009350404224e-07,-9.507119704395143e-08
2026-03-20,0.25493242706287533,0.2353618635158139,0.21791046920780002,0.1972208870912107,0.17561794264677077,0.15504025252107032,0.13439178945968083,0.11546645121043149,0.09821523816653027,0.08256095286062266,0.06773705199079179,0.05372341907317874,0.040842964547355816,0.02886421561512573,0.01758142941261794,0.006844850041296106,3.8522748258697116e-07,5.2254380416251374e-08,4.870720759184215e-07,1.0763618497528287e-07,4.0388649209625695e-08
2026-03-23,-0.5362295872051093,-0.48983373398561075,-0.4478113326937611,-0.40654840123867575,-0.3668390645911468,-0.3279084245968535,-0.2899424798672999,-0.2540480923426943,-0.21980943096802283,-0.18711726133715004,-0.15569420871546866,-0.12554293209697603,-0.09684655314158076,-0.06930728929426369,-0.04267768020034431,-0.0167749457155087,-9.474815260350218e-07,-1.2743901570245036e-07,-1.1818565635788741e-06,-2.6020066258257527e-07,-9.733880708141302e-08
2026-03-24,0.06836403753681977,0.063408201177935,0.0734877804283809,0.08203172279433478,0.08719209340817737,0.08745623079439338,0.08648283287030799,0.08310523016957147,0.07703422219551952,0.06911846475013853,0.061017904263263534,0.052011835869487634,0.04191102090259342,0.03105434443437329,0.01967211630508988,0.007917096680622059,4.6296353043164646e-07,6.435589237223714e-08,6.116911523401348e-07,1.3743512802732163e-07,5.230361091155513e-08
2026-03-25,0.3909585388181084,0.3551257084814467,0.3241692816849258,0.293774997385976,0.2635577375944889,0.23463117988115123,0.20715914290300833,0.18133296427351298,0.15680867203102963,0.13324614262255935,0.11110181735520336,0.09000922928687236,0.06972404927765861,0.05007266592085028,0.030925679767424503,0.012187063779836582,6.906478019928594e-07,9.324636263713281e-08,8.671248954103538e-07,1.9133405169506262e-07,7.171172687743395e-08
2026-03-27,-0.2117485324604041,-0.19364948782632643,-0.18321225132224,-0.1722149144430773,-0.16059245630067956,-0.14800769719621754,-0.13610091574645283,-0.12338499798065962,-0.10976257496221851,-0.09539296974321883,-0.08038570259730467,-0.0657479502671004,-0.051352485210536036,-0.03713454769759103,-0.023071431098338962,-0.009138856584557816,-5.24152439225032e-07,-7.216622458723225e-08,-6.805434246641556e-07,-1.5188823048804906e-07,-5.7479657946611334e-08
2026-03-30,-0.2542177946936063,-0.23173865704242103,-0.21323997171945364,-0.1973294380295213,-0.18077174445702188,-0.16375164630127845,-0.14612979601842674,-0.12918877859800798,-0.11268309473704508,-0.09677722473100665,-0.08180769193849029,-0.06700241452575435,-0.05235668762866526,-0.03787018153809702,-0.02352633561950442,-0.00931649219121958,-5.372126891586258e-07,-7.427093079624816e-08,-7.021501464917644e-07,-1.5700429362660554e-07,-5.9510088244770105e-08
2026-04-01,0.21845746009465397,0.1983689465495866,0.17835226087949121,0.16411939742451154,0.15455641576861012,0.14355072146937445,0.13220874942984645,0.12014129922011611,0.10714652646215923,0.09281080873570413,0.07789934709053117,0.06357194435068814,0.04957927792749261,0.03581372486230268,0.022234596579136463,0.008802798560748457,4.881924067499746e-07,6.427599425931487e-08,5.894957160491569e-07,1.2886091237926435e-07,4.796492934516214e-08
2026-04-02,-0.04311791555281183,-0.039974654131460785,-0.033352501692342905,-0.027555169431405832,-0.0231872236543785,-0.01919634246682369,-0.01676345962066353,-0.015056581834354224,-0.013212383138228364,-0.011584916842944756,-0.009812636041374364,-0.008094809531354878,-0.006356762271593862,-0.004609410307462758,-0.0028658817180220045,-0.0011346625740725211,-6.426170793598191e-08,-8.278932903856876e-09,-7.369475165954302e-08,-1.5590201629968774e-08,-5.613400122865738e-09
2026-04-06,0.2572210576082912,0.23231188051448198,0.20620804888872338,0.18408643575384923,0.1627479969014543,0.14293267405273277,0.12360069243553812,0.10626077718973136,0.09059686599402603,0.07641100767004956,0.06367184967277108,0.051327009489829774,0.03956723962938914,0.02830675988446904,0.017429745846232976,0.006851903995918601,3.9254233188003666e-07,5.3125476487071044e-08,4.941285490656493e-07,1.0901732457684017e-07,4.084957085355518e-08
2026-04-07,0.03277122457740838,0.030787918960517646,0.03403735260756738,0.035132609465448945,0.03368850222113639,0.03172207195629326,0.029606602602282203,0.0269331947090446,0.023963826480968804,0.0210581481966049,0.0184379538290591,0.015204820914167859,0.011895333149208855,0.008607028350339083,0.005345618667503504,0.0021155107491328097,1.230295123765322e-07,1.7594310451218707e-08,1.7104387881181484e-07,3.918468136012034e-08,1.5173865834063077e-08
2026-04-08,0.48554497822793996,0.44184373399914245,0.4097907674159733,0.38181859772088506,0.3530046480871513,0.3227456970905939,0.2942567453909012,0.26446114044624125,0.23359727555806642,0.2019911197891166,0.1711220568575911,0.14089263224084522,0.11061024758139046,0.08031123927876739,0.050056795121670696,0.019879668163624565,1.141775918367969e-06,1.5598004378375545e-07,1.4625255856356825e-06,3.248782385310857e-07,1.2244650880628645e-07
2026-04-09,-0.09319439482824024,-0.08253765107045903,-0.06820726151391646,-0.05676612967488537,-0.04749463305778688,-0.03985664738905551,-0.033374192778823746,-0.028099797378283522,-0.023609051048302795,-0.019319561610376457,-0.016023021057798334,-0.013293959033534121,-0.010532219927271404,-0.0077088132533382715,-0.004838756471514074,-0.0019337591605158955,-1.131153846425929e-07,-1.5644737647905637e-08,-1.481246437523466e-07,-3.3184897735434635e-08,-1.2600811407933551e-08
2026-04-10,0.10439871883989918,0.09959002376706166,0.09365144474860132,0.08979701042507386,0.08627710667528164,0.0813144477839076,0.07732602498057296,0.07252759376673178,0.06619882770234098,0.05875416916742631,0.05063374676787015,0.042381531695848865,0.033722739719685736,0.024748628972914404,0.015559969050242066,0.006224224087506634,3.6543289014369936e-07,5.1085835862708717e-08,4.85542479695784e-07,1.0891065980691565e-07,4.135250381720699e-08
2026-04-13,-0.1264087436911247,-0.11523461138542387,-0.10858297340877067,-0.100010076621581,-0.09020095595324283,-0.08122014068005405,-0.07494484082247163,-0.06762214079036881,-0.05984915020308598,-0.051314843422769,-0.042088045260490495,-0.03352095930455982,-0.0256139943914119,-0.018185299387511414,-0.011125556820718642,-0.004349339312520973,-2.426717853138069e-07,-3.2550716433942344e-08,-3.02281320488412e-07,-6.673876920517804e-08,-2.5053363712796522e-08
2026-04-15,0.28186899670021276,0.2574346324523203,0.2323752536117773,0.20835023031323455,0.18660703790086905,0.16554020343290501,0.1467344163727034,0.12896067063435904,0.11174555153227238,0.09517792130938976,0.07921437490677515,0.06386103308813727,0.049225336877326754,0.03519531726825444,0.0216536100223268,0.008504312959671289,4.892117164618293e-07,6.736567694528643e-08,6.349543478611168e-07,1.4167284345699284e-07,5.361489702587009e-08
2026-04-16,-0.05590968508755929,-0.04721402586487131,-0.039711764376358476,-0.03127741659749308,-0.02137367241904912,-0.014034843203004825,-0.007930520892593908,-0.0036766887110639287,-0.0009478754015145714,0.0005487035838685041,0.0013548964574049377,0.0015192666680354367,0.0014009345474712725,0.0011305545345723232,0.0007614547572607935,0.00032087421454761076,1.9121336754106615e-08,2.648123903916635e-09,2.539175628817207e-08,5.778983932742257e-09,2.230326893549841e-09
2026-04-17,0.06291418057670231,0.05627429194256653,0.0530094809843521,0.05035532011768407,0.04827220737591596,0.04562793748224666,0.04295837149116747,0.039736432339236974,0.035938827242167,0.03179900524456655,0.0269824831296426,0.021743691757815146,0.016744590858756552,0.011972981702525993,0.007372132929992302,0.002898837144913459,1.6935324074014786e-07,2.3948359336441787e-08,2.298426092508606e-07,5.200703674174864e-08,1.990238171836222e-08
2026-04-20,0.06075706442140778,0.056484548228550084,0.055942961866261916,0.05347966033689825,0.049896274276405146,0.04606248885399349,0.042811930929639246,0.03952731924631013,0.03567788721662051,0.03158523210533958,0.026624235239820725,0.0215865139867384,0.01673482107329906,0.012027960989780241,0.007434998566795524,0.0029323654704326205,1.6475555900107627e-07,2.1787784059671843e-08,1.9916427331575888e-07,4.327868145471278e-08,1.5996151896755384e-08
2026-04-21,-0.041444189516356714,-0.037045390449992464,-0.02573604799903094,-0.014091860810734895,-0.00457586270348256,0.0019614295844325004,0.006638709959641329,0.009592649376103279,0.010986686077811756,0.011128020219285144,0.01056817634135,0.009512721107785973,0.00797836178792048,0.006092187335486627,0.003950815387515054,0.00162032174558886,1.0168081364447892e-07,1.540326183934627e-08,1.5533866696268946e-07,3.6575169182641644e-08,1.4466233221340089e-08
2026-04-22,-0.047691765310056505,-0.04290722130948886,-0.03945355486436069,-0.035665741965021064,-0.031900340827464665,-0.02852591266518961,-0.025081416237480354,-0.02163941834904107,-0.018515079681373486,-0.01510639099778901,-0.012347996980937229,-0.010472250606267785,-0.00848004714462952,-0.0063091044102208445,-0.004008690832292342,-0.001617048953808235,-9.959256142717237e-08,-1.521408946837552e-08,-1.5221921480280507e-07,-3.543320091630589e-08,-1.3848713920779502e-08
2026-04-23,0.03967851134159615,0.03683985667862025,0.026911912738891052,0.019006645498812834,0.013951019944564706,0.009557605692209125,0.0040758632199670575,-7.18010985337608e-05,-0.002704386122665651,-0.004325636620134989,-0.004616611061050683,-0.004988903148229274,-0.004751344891961213,-0.003949094698921376,-0.002719623744492185,-0.0011667322724693069,-6.640293640261731e-08,-8.422948879514643e-09,-7.680516824610534e-08,-1.6891558617113697e-08,-6.359443270579149e-09
2026-04-24,-0.18289402035744048,-0.16506499747978315,-0.14417395717225068,-0.12504756045549487,-0.10797112425612458,-0.09267926508029332,-0.07977263276632685,-0.06831096993655089,-0.05788222759596367,-0.048286293777445345,-0.03970266461402114,-0.03158127132249377,-0.02405309321713414,-0.01702061939223404,-0.010376677979711977,-0.004042508277653486,-2.4048334630164967e-07,-3.519109949436003e-08,-3.4474895552167624e-07,-7.92088151682373e-08,-3.0692884571482255e-08
2026-04-27,0.37083705212088014,0.33755506619536096,0.30169165792825636,0.2638781076831058,0.2294240024527712,0.19819960981031318,0.16911652248580833,0.1429788929016301,0.11983256309388896,0.0993012062920618,0.0804801417373551,0.06352240111505544,0.0481190698037981,0.03389341644509056,0.020580977162796183,0.007989611877831046,4.4640196099720574e-07,6.012749027853862e-08,5.574410812636876e-07,1.2264315945383008e-07,4.58557659621557e-08
2026-04-28,-0.07704334658186383,-0.07039874879873238,-0.05831086384672938,-0.04993485252305679,-0.04250031992293772,-0.037041158080586695,-0.03441857468621919,-0.0316312765724789,-0.028514930813090877,-0.02518499420310952,-0.021217453191770732,-0.017285513443927376,-0.013464682550435873,-0.00972144600435076,-0.006035565314733482,-0.0023904205278551544,-1.4174928036382468e-07,-1.9865169200186503e-08,-1.8932046770939732e-07,-4.262222132065491e-08,-1.6252595611369968e-08
2026-04-29,0.12648394314779535,0.11626181224529837,0.10447933574955517,0.09395634799270636,0.08440837206416547,0.07541033457098925,0.0674375625446051,0.059093141747017006,0.051046910573912314,0.04301613076940283,0.03589407245375908,0.029302243979988457,0.022842144862208723,0.016480266055746876,0.010212199010223957,0.004034044341273103,2.2639802575274997e-07,3.057166603677412e-08,2.8547346014929674e-07,6.331086773278638e-08,2.3857705113530046e-08
2026-04-30,-0.07894554789671718,-0.0740673978554634,-0.06744425464653629,-0.06224071972536172,-0.05727213740409572,-0.052365623846695464,-0.0465087706326347,-0.04099378302817282,-0.03574860898842402,-0.030700087154507342,-0.02616458031140909,-0.021886408011668305,-0.017423647292685626,-0.01279694052938928,-0.008052291699820224,-0.003223779726157984,-1.9191006888372576e-07,-2.7132686695998434e-08,-2.602805177213285e-07,-5.886480394452636e-08,-2.2515724299784633e-08
2026-05-04,0.04425749583142987,0.042623794224971395,0.043015241270364594,0.046421221333659064,0.05233116314900527,0.05454658324756547,0.054436851356771954,0.05180680350295557,0.04763975006259668,0.042189495106260674,0.035521919340734225,0.02893306321379563,0.022498432820979502,0.016201714058922123,0.010031504247497432,0.003962098739049284,2.240499089446431e-07,2.982469072214508e-08,2.748365380263115e-07,6.024840117799175e-08,2.2467663675810384e-08
2026-05-05,-0.00022207471990373857,-3.275854207525244e-05,-0.00029373874373812066,-0.0024918460652878344,-0.005424213131383291,-0.00776249943816457,-0.010370733928031617,-0.01182727334833677,-0.012219073563671622,-0.011921526611020715,-0.01156707163802379,-0.00968092881022281,-0.007585047768550016,-0.005497876578451438,-0.0034239126147740783,-0.0013591282312206436,-7.569151828343513e-08,-1.0234175831173126e-08,-9.503358548379095e-08,-2.0922170430120947e-08,-7.822690882356706e-09
2026-05-06,0.1541043385326645,0.1421638808844391,0.13415135928965372,0.1272255292105969,0.11927188684618835,0.11076467629977049,0.1040144592098689,0.09621779945067381,0.08691008990441791,0.07616658980983373,0.06390145215208066,0.051978805506832745,0.04043377650733963,0.029142583260978454,0.018055711402127177,0.007134941575998143,4.035603204809881e-07,5.426323041760679e-08,5.029966794816751e-07,1.1071787418199249e-07,4.142261947158322e-08
2026-05-07,-0.11669295167474444,-0.10469730035783714,-0.08921939645167339,-0.07568146107362536,-0.06429331740495388,-0.05416279018632462,-0.04417818055013283,-0.03578605649743828,-0.02889232281620022,-0.022751776546000805,-0.017165002729085686,-0.012109749771711108,-0.008189203708992614,-0.005172594183529035,-0.002830323801392862,-0.0009936233065294025,-5.09093782332002e-08,-6.485998795220824e-09,-5.7489844719436695e-08,-1.2199634769305861e-08,-4.430794294331514e-09
2026-05-08,0.13743413128306523,0.12157863286503297,0.10232826447134029,0.08387865434057361,0.0684178949917513,0.05419166914312906,0.04344934402854545,0.03493979525648748,0.027717444272711653,0.021740781562528327,0.01636489630610014,0.011587743998014571,0.007850903523265847,0.004953169622500259,0.0026979328905901087,0.0009398865378998169,3.995990104678676e-08,3.7202244010457783e-09,2.3313038539674824e-08,3.089288948119428e-09,4.990117782904826e-10
2026-05-11,-0.5049386372629208,-0.45758989212036133,-0.40120692253963763,-0.3445527150129106,-0.29169348955692886,-0.24679739420044397,-0.2078787575575445,-0.17467821708534176,-0.14600795297728172,-0.1211524099766032,-0.09931157432616339,-0.07907279799076287,-0.06037114175780476,-0.04283903476195025,-0.02618943245219357,-0.010230101681498165,-5.725985337808555e-07,-7.668476039799027e-08,-7.078359878387531e-07,-1.5508392105722085e-07,-5.7737379224759333e-08
2026-05-12,-0.3025768117605861,-0.27425951575528906,-0.24796440427924765,-0.2242829554883994,-0.2032571684784071,-0.18190576153474827,-0.16180491931457786,-0.14234926091210823,-0.12346919663148982,-0.10492261089584563,-0.08672758653202925,-0.06962022416084465,-0.0535129456105228,-0.03817515444403833,-0.023444299848590016,-0.009193874139120185,-5.307556195522847e-07,-7.368966929089047e-08,-6.981670477264133e-07,-1.5638301587054267e-07,-5.936061058114556e-08
2026-05-13,0.06059221805229404,0.06052993026339906,0.06256549042267563,0.06316659588587513,0.06422511211979368,0.06246705364460179,0.060814372490824914,0.058091108561170175,0.053549209594731334,0.04761281950071737,0.0413313769953007,0.03383910802605511,0.026318274346111822,0.018949232782552766,0.011725413003620273,0.004626959413039707,2.529608097259342e-07,3.24897526913814e-08,2.918575280910171e-07,6.26092752922389e-08,2.2906965190093844e-08
2026-05-14,0.2208587693231902,0.20230725864048976,0.18539350700618873,0.16792557356882137,0.15099562493344695,0.13408024152575773,0.11616816793072712,0.09967485208255515,0.08467918369452995,0.07135376172854577,0.06010871749654026,0.04899555686383142,0.03809619768505412,0.027430234579542714,0.01696698266641854,0.006691700998558926,3.7942725961619e-07,5.133331999958206e-08,4.768532677475458e-07,1.0496708893872444e-07,3.92268858852093e-08
2026-05-15,-0.02736827107608145,-0.029866806451326933,-0.033519295536113755,-0.034636180718961844,-0.03303889182266433,-0.030953566639457912,-0.027848522354794344,-0.02493034044829519,-0.021975629654122107,-0.018926173634056232,-0.015668209607098353,-0.012911192663589153,-0.01017588228586339,-0.007410824144449832,-0.004630428627829517,-0.0018427361810601061,-1.0218067241579865e-07,-1.297433472459714e-08,-1.1517863468933203e-07,-2.439504861912556e-08,-8.805491750663864e-09
2026-05-18,0.011898936762190625,0.009051455825289356,0.004481348581529562,0.0007048911421487407,-0.003058954351720347,-0.006590857248389132,-0.009868914193947528,-0.011650789025848297,-0.012344805605499182,-0.01242701671073924,-0.011287320682569364,-0.009937845800750841,-0.008253746271254291,-0.006270966058021342,-0.004057327514736201,-0.001662547529427761,-9.83331429875621e-08,-1.3572182359739369e-08,-1.2785246210801915e-07,-2.846975505498043e-08,-1.0739407084364095e-08
2026-05-19,-0.08990579237857346,-0.07929976104298683,-0.06374108570123292,-0.05111703550455936,-0.04194614883650203,-0.03414752676303787,-0.027984233047423535,-0.022886419537678362,-0.018603359741298106,-0.01492667465514384,-0.011911362707031489,-0.00912207233975428,-0.006710654271946148,-0.004606420623161942,-0.0027334979323816178,-0.001039479501173227,-5.758236689752559e-08,-7.216385856520468e-09,-6.240417419391969e-08,-1.2813115545417459e-08,-4.471904489049054e-09
2026-05-20,0.002197951241666727,0.0008653682335538698,-0.0020318873747330176,-0.0024858072906026826,-0.0018501861749429913,-0.0012318338498360443,-0.0005906910131307661,-0.00014089668026903116,0.00017643715093173122,0.0005426179027291772,0.0006543511956659518,0.0008481793174315292,0.0008877693957987392,0.0007777072928079352,0.000553439155501484,0.0002428587231781161,1.650227893543261e-08,2.6485412998763754e-09,2.739507882026778e-08,6.520616444849581e-09,2.5872098653161194e-09
2026-05-21,-0.028099905154920838,-0.025573969437860583,-0.02528366329689271,-0.022978706151457653,-0.01880708259753435,-0.015175539997252782,-0.01192175022167488,-0.009322502424732803,-0.007265648739426115,-0.005898031198168054,-0.004995825596613239,-0.004156656123169679,-0.0032931679825868054,-0.0024073723791364463,-0.0015060995480908914,-0.0005992363743388423,-3.338864546834842e-08,-4.6969368606522495e-09,-4.518727223850124e-08,-1.0241179967717043e-08,-3.9217780087170384e-09
2026-05-22,-0.08795543954818398,-0.07827668095245306,-0.06419656101335493,-0.04943170645239021,-0.03737110036620401,-0.02787544614890401,-0.019483543308601074,-0.012824897948993743,-0.008040031128917333,-0.004693798343800458,-0.002641200707972008,-0.001415295512396079,-0.0006441662297203826,-0.00018947621100420453,2.8261746191138897e-05,6.102589617880124e-05,6.8000989832997104e-09,1.3179899872543118e-09,1.566763832455935e-08,4.14377699582481e-09,1.7824782060154471e-09
2026-05-25,0.1279710885550523,0.11374235233919142,0.10302249155986044,0.09398751817646608,0.08512206232216243,0.07675950486028062,0.0689367109833927,0.061298891732444453,0.05379940224695965,0.04633752708050804,0.03940765922564171,0.03269774313758231,0.025850881912427254,0.018884612430997472,0.011833047971931538,0.0047213179765093075,2.7676833276875677e-07,3.877477380085321e-08,3.6944389225141154e-07,8.30777974217475e-08,3.1622600665021405e-08
2026-05-26,-0.08551880979038896,-0.07717160395999562,-0.06857536523107333,-0.06037508154384153,-0.05179354178957843,-0.04407912942992596,-0.036857061536686456,-0.03079199768538846,-0.025591426479804707,-0.02109724244430874,-0.01727789542311617,-0.013840103019823316,-0.01062995072740437,-0.007580111056517996,-0.004652098868216902,-0.0018230350210698596,-1.0880850360560947e-07,-1.5630019734916336e-08,-1.5069762531373122e-07,-3.4125935126494385e-08,-1.3047704996276012e-08
2026-05-27,0.07122599266501194,0.066617693196721,0.06464351814358786,0.06150246529552417,0.05760089982943686,0.05323448503269486,0.04930688115019007,0.04483751299579277,0.0399160369545659,0.03514898207363652,0.030216816766070513,0.024913836871265773,0.01954917331825904,0.014185208227351448,0.00883484483193029,0.0035058804950867284,2.00986999100628e-07,2.7080191800797667e-08,2.5049019027437786e-07,5.4929154479749864e-08,2.0453970500186517e-08
2026-05-29,-0.24387270570938765,-0.2247575167127367,-0.21261802795129378,-0.19794481171779757,-0.18061307954456238,-0.1628830842627469,-0.14446497963702243,-0.12633236644151175,-0.10904731960496639,-0.09300127362997052,-0.07714359683656376,-0.062020121913663406,-0.047733571815685535,-0.03409052107383684,-0.020952565985907706,-0.008221409518991123,-4.7236800550811776e-07,-6.496677060947053e-08,-6.106516737725286e-07,-1.357983703932079e-07,-5.121342662632088e-08
2026-06-01,-0.1579308300790725,-0.14418742210633448,-0.12450565410202294,-0.10773489462921966,-0.09331837810482,-0.08047833145649408,-0.07002892473554215,-0.06065009826664451,-0.05195741446588559,-0.04429355314432387,-0.037633517305074214,-0.031236118339094263,-0.024679995726421423,-0.018005920280962064,-0.011261309450240512,-0.004483680116125262,-2.6430455821903634e-07,-3.7078016028768834e-08,-3.5313924999421146e-07,-7.933137663968502e-08,-3.01614725461702e-08
2026-06-02,0.07073093027908388,0.0635052745317909,0.05441087573166188,0.04507972479575615,0.03852674212332961,0.03282001386152108,0.028663013491522792,0.024990471979810077,0.021510013469763303,0.017449298937142536,0.013137436926213827,0.009800534411054117,0.007091487516214017,0.004795243940494919,0.002809362446739362,0.0010563999436605782,5.2715807511575814e-08,6.693628854158614e-09,6.166826110950839e-08,1.3761500830461612e-08,5.268385632653268e-09
2026-06-03,0.07195969117048756,0.06665886987866532,0.057290751807200446,0.0482662595010229,0.03994797255772706,0.033317828917949016,0.027757832386812033,0.023130135986922207,0.019216683184524574,0.01576069142740365,0.012301062980429002,0.009322720876305632,0.006826743661196093,0.004670787125435927,0.0027655673617440766,0.0010500020805589562,5.228898583169545e-08,5.158587224467083e-09,3.3537175251594306e-08,4.6217863091526506e-09,8.097118805655382e-10
2026-06-04,0.23750111574648028,0.21452566714951435,0.18115161281661757,0.14961957083405053,0.12152431293502196,0.0984578493147268,0.07882753117882932,0.06299344383468003,0.050243522003269474,0.03963584301799034,0.03025934195394835,0.022472043203415906,0.01612186404420772,0.010817674279356036,0.006289790211876026,0.0023478075216305295,1.2129109181686445e-07,1.4676475360465532e-08,1.2433743397130342e-07,2.518749466946166e-08,8.715777556260883e-09
2026-06-05,0.05390242005688793,0.04780555288349906,0.03971375073293726,0.03571576336377565,0.03362300394070112,0.030720231871218327,0.02752741845372449,0.024489286487598596,0.02143719870080814,0.01799090793536854,0.014096488480846173,0.010914370162327146,0.008161323788497881,0.00568700828731089,0.0034244473872143463,0.001320506513858371,7.070655874136324e-08,8.77202896851385e-09,7.601673332614246e-08,1.575031336311177e-08,5.573111180243759e-09
2026-06-08,-0.11506978123765174,-0.10734555530757767,-0.10647709054611754,-0.10274394283381788,-0.09662268196997723,-0.08908448812847045,-0.08102442995124351,-0.0724972240440055,-0.06371746270817284,-0.05460012797643262,-0.04539269162271634,-0.03696502434584329,-0.028785771788942323,-0.02075779343485243,-0.012863659948339802,-0.005083563811107699,-2.878910587304409e-07,-3.9320371574242215e-08,-3.704081496348681e-07,-8.277702616457824e-08,-3.1399250221295526e-08
2026-06-09,-0.0005125509034097977,0.005221655155477514,0.011042854446657329,0.018037840419407612,0.02388890837605477,0.027547560036301603,0.030993702139036135,0.032277875454343706,0.03155140649210725,0.028818732826450588,0.024596087541485685,0.020296889779792025,0.015961939334200856,0.011601193110370056,0.007238074053619958,0.002877202936386209,1.635577392830683e-07,2.201405824705037e-08,2.048033801557944e-07,4.5286801098164574e-08,1.702457011692595e-08
2026-06-10,-0.12431081973205704,-0.11595645568749603,-0.10427552713954132,-0.09013767851012366,-0.07687746575135533,-0.06513997191751249,-0.05437917096976678,-0.044993020626097564,-0.03698013177384735,-0.03031467508126547,-0.024570640518172097,-0.019450036239197898,-0.014776770507843819,-0.010433583217950586,-0.006346539923916929,-0.0024668952753755507,-1.340241458776294e-07,-1.7363926681448702e-08,-1.5673375528331112e-07,-3.371546603288344e-08,-1.2355816170948359e-08
2026-06-11,-0.011487188335458497,-0.010626730264911068,-0.011255227255706159,-0.012355004767123413,-0.014479000837028315,-0.015185893948892883,-0.015113762252631807,-0.014590843653708479,-0.013568545637543943,-0.01212626341320219,-0.010651753585875376,-0.008641021214848072,-0.0066484173141603715,-0.004746275381748083,-0.0029186031448102346,-0.0011463027901111242,-6.258943440377427e-08,-8.254987693249575e-09,-7.667369305114651e-08,-1.7033531601768292e-08,-6.450317702831295e-09
2026-06-12,0.317361159906433,0.2862335613391935,0.26133827944676513,0.2377512410374235,0.2131433547826659,0.18941549768498903,0.16715705920649923,0.14628647825826727,0.1264905420164234,0.10755121416515526,0.09051926125965845,0.07372723498024326,0.05731353173089062,0.04127833022827966,0.025554945411188558,0.010090843038971248,5.734733047836634e-07,7.773424034103185e-08,7.252689524646488e-07,1.60504797935655e-07,6.031564194475199e-08
2026-06-15,0.1464729421745918,0.13142136133625704,0.11819826965406299,0.10473030964039151,0.09048469848627896,0.07834336602771022,0.06875240741726803,0.05956402483620198,0.051083084141783884,0.042720419479206045,0.03548608481066967,0.029197511957284126,0.022955598254925783,0.01668872405164548,0.010412366319280117,0.00413878943454735,2.4021824558574594e-07,3.3062806540221455e-08,3.116941646205888e-07,6.95431630748611e-08,2.6306716528469422e-08
2026-06-16,0.09534112033166627,0.0876322346095516,0.07676231410040588,0.0667189631673244,0.057919392773054405,0.049325666088212455,0.04057266032008497,0.033207567574805606,0.02700640811400376,0.022230715391987847,0.018469551800059502,0.01479055788269186,0.011313731356381208,0.00803216533936272,0.004907702557696993,0.001914754416126825,1.1013083254439171e-07,1.5857888483589654e-08,1.541575069250479e-07,3.5217747190955465e-08,1.3581823564157907e-08
2026-06-17,0.11398509792288798,0.10308627046196012,0.09253317471442256,0.08040230887630034,0.06909588333532231,0.059129678547226366,0.049231540173741505,0.04075345658957588,0.03359154059196294,0.02738644726142633,0.022191220062159872,0.017377773806935864,0.01306110561501542,0.009141931165014017,0.005522520619502856,0.002134576739677415,1.1803454151496669e-07,1.5624245758164107e-08,1.4280067602027077e-07,3.0996607473953044e-08,1.1436214173823268e-08
2026-06-18,0.10422410347569251,0.09709923489237689,0.08690094165263038,0.07764707895362019,0.0693732598738398,0.06135334932277774,0.052759660117751656,0.04522500382034556,0.038437930869449695,0.03254912213960733,0.026822232264519345,0.021296355952196266,0.01620356919297644,0.011460678224311457,0.006986233257584155,0.002721894331813493,1.5261686648799216e-07,2.0179501267989593e-08,1.8400749143023378e-07,3.987543610051927e-08,1.4702356678652137e-08
2026-06-19,0.043023611026469635,0.03747968452352943,0.030989342346230814,0.024790421649008902,0.018917441994011158,0.013952302293563344,0.008892584008078847,0.005058719320154793,0.002420720700975201,0.0010434735107109547,0.0010823090871144136,0.0005958996187576338,0.00020729301211103363,-6.821233863166456e-06,-8.82981872115869e-05,-6.405512993047455e-05,-7.259405587352179e-09,-2.060340790431349e-09,-2.8221469123075216e-08,-8.069058889802722e-09,-3.658530444144983e-09
2026-06-22,0.012458571217000633,0.012117524569766443,0.011715032125274208,0.01085994925257175,0.009322957985960596,0.00802869419697128,0.005465858879907,0.003047982593875135,0.0014022937531263154,0.00041915873632979666,-7.698794707154249e-05,-0.00043280912624335316,-0.0005829696990474108,-0.0005675036843267176,-0.00042888281042149343,-0.00019568239015258017,-9.63884333543332e-09,-7.467295475257874e-10,-3.6361486064685996e-09,-2.426766500907166e-10,8.331984603467323e-11
2026-06-23,-0.14825965202496402,-0.13701907455501827,-0.13084719708999057,-0.12258786879757251,-0.1143694969162079,-0.10495338129457213,-0.09370361620279741,-0.0826236938117998,-0.07186764872418144,-0.06141054101886494,-0.05109892969366293,-0.0411168364212347,-0.03165950531407593,-0.022621882361596686,-0.013912662252261471,-0.005462874822194558,-3.086656255145988e-07,-4.203855274328049e-08,-3.945170871497736e-07,-8.782939178826898e-08,-3.319603550205061e-08
2026-06-24,0.031312817845749866,0.02733461738687711,0.018026760069520326,0.012236937002997819,0.00985323340667389,0.0075695681872271865,0.004441639892349792,0.0023208176655398426,0.0009286194669964737,-0.0004411290478440141,-0.0015860248210821264,-0.002045424858345679,-0.002049979102842043,-0.0017483083222811372,-0.0012212584691299127,-0.0005282387528599168,-2.7276183746877155e-08,-3.217921011715503e-09,-2.7748905573002316e-08,-5.79732264155924e-09,-2.081436291960143e-09
2026-06-25,-0.016256015950074112,-0.015762840595991177,-0.011919262975900631,-0.00834344126516945,-0.006618129282212517,-0.004224179975215883,2.766278755567844e-05,0.002612122380819221,0.00415955417980474,0.004421882273002697,0.003467100760882065,0.0037398500917801337,0.003644851096253643,0.0030727604511362754,0.0021383531154991232,0.0009249702618026248,6.001515777865973e-08,9.45254511237387e-09,9.784754893119092e-08,2.3488052302550198e-08,9.427720501124154e-09
2026-06-29,-0.08285282947430027,-0.07793911633356002,-0.06726116255985028,-0.05969332792116418,-0.053901295298314576,-0.048762454140972813,-0.044573495063678914,-0.03983548022075867,-0.03502652883099328,-0.029879518934973173,-0.024893177935935536,-0.020618515238206327,-0.01630860194192561,-0.01190961949026982,-0.007455949840635851,-0.002971446709949573,-1.6773674326797858e-07,-2.240808256103638e-08,-2.0771867575174001e-07,-4.580208672123882e-08,-1.7175098777920162e-08
2026-06-30,0.14788154877273324,0.13316327187391375,0.11860265603226851,0.10428028437079427,0.09165905142910535,0.08056515689460529,0.07247815966956259,0.06374176439303231,0.05525139093994292,0.04700549693966287,0.038600013511544684,0.030297487047826022,0.022804083887850397,0.01598022837381093,0.009665721878328709,0.0037407202434833974,1.947082700554003e-07,2.3031531529137413e-08,1.92094156921479e-07,3.834890185351216e-08,1.307217424087638e-08
2026-07-01,0.042910879050332286,0.037331906016155346,0.028377765392837456,0.024561652405515104,0.02380167220767962,0.023122362914545582,0.025101714799500695,0.026104866264886065,0.025564982450821627,0.023965751154925746,0.021142581123048947,0.01801393213331696,0.014551344037738369,0.010810257629834279,0.006864153348395201,0.0027683384288519704,1.6097395424039874e-07,2.2041567951372164e-08,2.077895683709519e-07,4.641886761011716e-08,1.7588426285554853e-08
2026-07-02,0.19360724511749583,0.17864344943788124,0.1605244547250933,0.14240257570239023,0.12622479503230158,0.11067445479505146,0.09542701550140119,0.08174724797134846,0.06933902456244245,0.05783543634365084,0.046499724792710466,0.03640273955226643,0.027403542318580578,0.019201852727575387,0.01160996576816442,0.004490963435715,2.559086362171149e-07,3.543725705660103e-08,3.35195424232809e-07,7.500009505524502e-08,2.8450162389781357e-08
2026-07-03,0.03391938142059681,0.03248620189131838,0.036308073194586774,0.03573411386346426,0.032515725670593285,0.02885141562637914,0.02484805467272458,0.02096337691400908,0.01744026217071155,0.014219251035791927,0.011425125873756683,0.008522871239460415,0.006074284919053736,0.004038383443331689,0.0023219025643595164,0.0008559707154506981,5.714085470048291e-08,9.524420476988937e-09,9.878165128936195e-08,2.348477313410283e-08,9.313064292072423e-09
2026-07-06,0.08027107525350607,0.07479517640315689,0.06897981006369547,0.061635109187192165,0.05342151337545546,0.04611231850178268,0.04005854789031645,0.03455329896380324,0.029455124383839987,0.02468098318746315,0.02032925742791625,0.016583560481590563,0.012944022532343271,0.009348358039813301,0.005796787255834202,0.0022909237981898057,1.2693316407841757e-07,1.676057883856925e-08,1.5320139914706119e-07,3.328937832464145e-08,1.2304564666374528e-08
2026-07-07,0.12073896413733795,0.10685186385864268,0.09358642957536403,0.07921362626797138,0.06409261724307565,0.051756379937279016,0.04100984432158882,0.032252026049934136,0.025351094461974727,0.019621991050112517,0.014310634759902257,0.010022433975521368,0.006784108268298967,0.004298030153656072,0.0023616328559204623,0.0008335126795472867,3.9394100566675875e-08,4.334467044045353e-09,3.3841656956190847e-08,6.328927677760523e-09,2.0172940799192347e-09
2026-07-08,-0.11747198071426487,-0.1073333358582229,-0.1051514449270672,-0.10386164225381568,-0.10122975729697074,-0.09698960454715316,-0.09396570328808769,-0.0885396608534663,-0.08103422482071443,-0.07234020485505605,-0.0633122231609533,-0.05346168976046589,-0.04278878051701708,-0.03154546947360732,-0.019903804381529628,-0.007984457252555447,-4.719703882066903e-07,-6.69353062673096e-08,-6.440216286847986e-07,-1.4601704895947294e-07,-5.597577675754379e-08
2026-07-09,0.0902956268483881,0.08232152024915579,0.07154839119635498,0.060828515396780754,0.05144276894978614,0.04294651419692764,0.034339632463008536,0.027408862699020334,0.021760185204963315,0.016831709167085544,0.013003609366680628,0.009615056377476458,0.006824544515869851,0.004521306453907989,0.0025910281539979485,0.0009521150218541139,4.930334252093219e-08,5.4958433407642304e-09,4.31345870434203e-08,8.09329481861773e-09,2.591982466488492e-09
2026-07-10,0.08123704315069499,0.0754011814528763,0.07494055516650694,0.0748854228536266,0.07367205383326514,0.0706828825806961,0.06589921866312762,0.06008653301377247,0.053697391699831495,0.046785615142083625,0.0395117609856404,0.03242967575833897,0.025405696400889792,0.018417497220643245,0.01146702094580865,0.004550650163723758,2.6397049856925723e-07,3.652131100647954e-08,3.456518736787335e-07,7.739523910855903e-08,2.9374409754027e-08
2026-07-13,0.03889485990983755,0.03571646447831353,0.027301062621668145,0.019475798156093578,0.012303865201204515,0.006661354410455234,0.0011006204999921604,-0.002706322221147484,-0.004942162514192565,-0.005550446246622945,-0.005451855545307548,-0.004721067705846589,-0.003822597020818071,-0.0028453026257913125,-0.0018120045225671786,-0.0007331589644186482,-3.7349414579918466e-08,-3.871435052729806e-09,-2.8485440085833152e-08,-4.940580778877613e-09,-1.421797913484019e-09
2026-07-14,0.034936583881588996,0.03633082481967344,0.03553570813485769,0.034229438270570914,0.03253495706024837,0.029525764194517648,0.024579567458290243,0.020039782098763725,0.016109824172636542,0.012565150433847214,0.009201990621735216,0.00592059764944236,0.0035266551345382096,0.0018866359483465508,0.0008245089493702228,0.00020859853789218598,1.0466185076824056e-09,-1.4735748194555173e-09,-2.5121477577612288e-08,-7.664402490977709e-09,-3.556506456639381e-09
2026-07-15,0.09574574034254361,0.08712686495183866,0.07242856581167434,0.05937731471598934,0.04854442796974007,0.03964204961020775,0.033137384431312596,0.027817476516122118,0.02320341915447652,0.01878003215971008,0.013754668101215803,0.009590850303657639,0.006449213386934652,0.0040498818475594115,0.0022028929785773608,0.000768785117635987,3.918515542174697e-08,4.262832146990051e-09,3.200960058979044e-08,5.650467143846301e-09,1.666520561013152e-09
2026-07-16,0.08001055583799843,0.07313574976560133,0.06647573254028126,0.058660762201243284,0.05047260221961873,0.04334590729577094,0.0377239051409272,0.03248001356369801,0.027670245710626075,0.023047030623583657,0.01845638732175313,0.014510445393495672,0.010981132354459093,0.007731755292910514,0.0046952111467654465,0.0018233280452514967,1.0065945380148743e-07,1.3367341101036548e-08,1.2293007160581212e-07,2.6897824004858588e-08,1.0014969986509766e-08
2026-07-17,-0.0033865375854380446,-0.003771900154077076,0.0023489538564584805,0.008660693334672221,0.013325753473354423,0.016244493274220537,0.01767759946203107,0.018080538427843202,0.01756706230652312,0.01621107032899542,0.014262133472715587,0.012429431279245489,0.010239824633438853,0.00772478560181292,0.004966750368194986,0.002024107552321559,1.2383149391227085e-07,1.8452647996853283e-08,1.83709666745839e-07,4.2789280226939824e-08,1.6767609169603508e-08
2026-07-20,0.11920957109708864,0.1093143520441957,0.10030483520940177,0.08472403985156944,0.06989085132754327,0.05679083368344825,0.04393837656469771,0.033793159967813735,0.025826138668660452,0.019930312779403114,0.015977065481933676,0.012322912934760524,0.00909820898876283,0.006255822952305433,0.0037120850200713287,0.0014099606909700937,8.781947578028599e-08,1.3091975814670521e-08,1.2760735595177278e-07,2.8987085044062483e-08,1.1080345888315321e-08
2026-07-21,0.03446337439127978,0.03125858666018701,0.03188061780202434,0.03131989307587348,0.029388066478689284,0.026906203132102104,0.02430164125939635,0.02148212033163046,0.018656352145694374,0.015953457034987177,0.013392506590615093,0.011039511649735923,0.008682204836946289,0.0063094478931574535,0.003932865147759058,0.001561359634212483,8.813418706081318e-08,1.1358193807241738e-08,1.0160639228244828e-07,2.1644305734312466e-08,7.850656134269343e-09
2026-07-22,-0.03646152515362479,-0.032430524149235605,-0.029036058646646715,-0.02831388820439264,-0.028688898511695315,-0.028331281377135815,-0.02694790441258961,-0.025003271465380245,-0.022696659976307227,-0.01989145945911375,-0.016843440127252647,-0.013918211807494685,-0.010976316729471356,-0.008003590252384467,-0.0050087047779830115,-0.001996739295241222,-1.2042733738439928e-07,-1.748933896418427e-08,-1.7054834111847714e-07,-3.905028556802206e-08,-1.5088129177627693e-08
2026-07-23,-0.061716601075728184,-0.05848922715175499,-0.060731174304211745,-0.06299771780980606,-0.0644180259942949,-0.06339676281325246,-0.0607714538769867,-0.05666804791972297,-0.05146134641855981,-0.04553636901546257,-0.03912801200636126,-0.031778359457788674,-0.024582703517399957,-0.01763155702655791,-0.010879381885482802,-0.004284121612006727,-2.4000487878748266e-07,-3.214351478617793e-08,-2.971536778471631e-07,-6.5237756673751e-08,-2.4341298267289136e-08
2026-07-24,-0.06433058344789881,-0.05959636425053216,-0.061043684355278065,-0.05979159436531368,-0.05644246727847961,-0.051814960234306054,-0.04653243443803664,-0.04132327073455281,-0.03607316321449671,-0.030977574552816748,-0.026231351429620884,-0.02172239232254407,-0.01713927105018905,-0.012487989794280275,-0.007800537725900467,-0.003102046683974872,-1.7627518181116666e-07,-2.3742973981282343e-08,-2.2031764379652536e-07,-4.849644846502351e-08,-1.8129419960303094e-08
2026-07-27,0.2204241357987183,0.20259617082812825,0.18741233660042306,0.16962987247503453,0.1500691770284298,0.13179628945002844,0.11672566648418382,0.10256963969769302,0.0888487260881229,0.07566271701415224,0.06260820585989893,0.050397764538662,0.03883746252291127,0.027762815449174544,0.01707626744538471,0.006704439961424935,3.776967230787785e-07,5.104674616192591e-08,4.754259361650088e-07,1.0508950733838689e-07,3.9463148978601445e-08
2026-07-28,0.1354766926898131,0.12159526800489256,0.10453328267905501,0.08824938245200344,0.07357765793717604,0.06099384914200834,0.05078280944486437,0.04225295851792407,0.034927885536821995,0.027984798290361226,0.02156270045805966,0.016400858397113798,0.012052099142268641,0.008265627652469488,0.0049037927107732715,0.0018650435279057276,9.550405305804873e-08,1.1138298689144783e-08,9.19831727295145e-08,1.821933529451661e-08,6.170290308041834e-09
2026-07-29,0.1507590248138342,0.14453720389048175,0.14036402086374442,0.13068789461857108,0.11531654558050777,0.10124289163175453,0.08869686821745656,0.0769619061857691,0.06595129776736777,0.055574076076795015,0.04678583651702619,0.03761460722390937,0.028832448455775886,0.020507184132805945,0.012555291677935575,0.004908495033573423,2.767097555721193e-07,3.8014075841720786e-08,3.5906005829596944e-07,8.036606725569419e-08,3.05228014814244e-08
2026-07-30,0.06914663338093442,0.06335197586641361,0.05318589080476316,0.040909972342123825,0.027470856044316455,0.01812314111312798,0.01255413699303769,0.008416477041414997,0.005483905415752639,0.0035387574377235575,0.0023926171523692558,0.0019683658696007184,0.0015905069543791393,0.0011828471670490216,0.0007494898792981941,0.00030113338616443184,1.8061798623726315e-08,2.925171505299371e-09,3.016957386444241e-08,7.153034730747829e-09,2.8325814476256515e-09
2026-07-31,0.09244907162246313,0.08853606214257292,0.10052786922642315,0.10677605277344193,0.10731387671267825,0.10315942174329255,0.09472030479640571,0.08499245842127355,0.07484032739181955,0.06455993373197953,0.053939967327924596,0.044011709815997495,0.03432734376239479,0.02478383508055556,0.015370575929796232,0.006077250391780901,3.385735225074939e-07,4.4515530046084934e-08,4.0568699179853927e-07,8.796258967199752e-08,3.245523478773455e-08
