Date,alpha_0.00,alpha_0.05,alpha_0.10,alpha_0.15,alpha_0.20,alpha_0.25,alpha_0.30,alpha_0.35,alpha_0.40,alpha_0.45,alpha_0.50,alpha_0.55,alpha_0.60,alpha_0.65,alpha_0.70,alpha_0.75,alpha_0.80,alpha_0.85,alpha_0.90,alpha_0.95,alpha_1.00
2025-08-04,0.16127944650864423,0.14968839182312726,0.1459542554532846,0.14058034955480947,0.13374902655217966,0.12389693927683734,0.11174777474229142,0.09894591404737019,0.0858969120786856,0.07280553154192171,0.05985773885577071,0.04725984026067316,0.03509665198403888,0.023288241643409372,0.011768791763335368,0.0004967018192011882,1.2537465205438478e-06,4.852081010745918e-08,7.863754870612159e-09,2.144863943252181e-07,8.239025807837037e-08
2025-08-05,0.08183473821193567,0.07070186827889295,0.05913048152336213,0.04642878226512621,0.033959653947821924,0.025438970196493573,0.019150275056249413,0.0145464452126459,0.011105414778168872,0.008853395441038305,0.007228366772955338,0.005716579162557727,0.00426172684096519,0.0028386080549433397,0.0014427851203376637,6.135008130206275e-05,1.1726839966980394e-07,3.736068047833684e-09,5.135875381317417e-10,1.2011969242894239e-08,3.94926762569923e-09
2025-08-06,-0.1766956377089365,-0.16422370363084068,-0.15082542823260894,-0.13464964267464713,-0.11688793856128633,-0.10004747844444077,-0.08175878983822966,-0.0663920317455796,-0.053485646714900074,-0.04240204827397647,-0.032770369096386205,-0.0243537953852292,-0.01716242607594568,-0.01087842415082085,-0.005277357303711876,-0.0002148736975058002,-5.588537690047595e-07,-2.173689376637721e-08,-3.5101783916807942e-09,-9.504566347530874e-08,-3.622824667443741e-08
2025-08-07,0.0026464630257807056,0.003047935782201326,0.007445585119886693,0.00914939790206917,0.008461056036027453,0.008301228592132528,0.008909337366498122,0.008896786635104096,0.008421323393291566,0.007223591922988867,0.005898955176109302,0.004526129932459864,0.0032900865571644064,0.002150372802034897,0.0010717194628241723,4.504805454642127e-05,1.1921862215250691e-07,4.676152483310785e-09,7.639714355538877e-10,2.0952917040059096e-08,8.081700522680718e-09
2025-08-08,-0.03729213743549301,-0.039851092217646315,-0.04397879374352436,-0.048482666442467494,-0.051209321351264825,-0.05094293725894395,-0.049191373196439105,-0.045683198957974465,-0.04104353079542908,-0.03578677920990943,-0.030525557984371586,-0.024985394842349174,-0.019064067476187028,-0.012913819158204578,-0.0066380061092752045,-0.00028432119634498024,-8.230492058256735e-07,-3.4705848026923754e-08,-5.965221916813511e-09,-1.703137770687492e-07,-6.802904434606702e-08
2025-08-11,0.16412321532143054,0.15260975288630382,0.1339898441414763,0.11778396842669255,0.10344025896934912,0.08998656915550633,0.07721302024645581,0.06581247891593288,0.05547062002920926,0.04582067186313381,0.03714607569080134,0.02909955619500786,0.02147802900412953,0.014182326261204449,0.007137760748101884,0.0003015383293543401,7.955367425394617e-07,3.1427739701362876e-08,5.1633101036620014e-09,1.4232842081889427e-07,5.5182996798352214e-08
2025-08-12,0.042244643839115255,0.03781901531090807,0.025725226989865544,0.015498332851491808,0.007815476101101929,0.003874816644391608,0.0020921984254592247,0.000889170131170344,0.00012598861683538054,3.401473336494528e-05,0.0003033918131793444,0.0006753253130357034,0.0007594425854924334,0.0006399884473988776,0.000383067552434951,1.8539803337836905e-05,3.9468490266475206e-08,1.328907256917901e-09,1.855384061361365e-10,4.305044362614026e-09,1.3900011122051063e-09
2025-08-13,0.06714765203709339,0.06416263259527154,0.061183257355209124,0.05547543352549249,0.048155758002138144,0.04119267471422956,0.035322044785129326,0.029949409301076986,0.025041667699806078,0.02062929716717711,0.016673237106829594,0.013136008293977514,0.009723669249689839,0.0064256236379494625,0.003235278636111053,0.00013537517854242805,3.7220825142639176e-07,1.4892355800329115e-08,2.4525626085090635e-09,6.748460671181266e-08,2.6089279900310574e-08
2025-08-14,0.07463770999895852,0.0652130836582447,0.04881708553259422,0.03431258218528845,0.021815194643007903,0.013183585791686957,0.008601781435749134,0.005468400216124198,0.003324193883709135,0.001882020263271329,0.000768932063793837,2.136910151007761e-05,-0.0003319366179616256,-0.0004101465472543356,-0.0002873815243479833,-1.5631245244844828e-05,-4.502042253041484e-08,-1.927607317407903e-09,-3.4250707923169325e-10,-1.0140513680466302e-08,-4.174183158028359e-09
2025-08-18,0.11717630583413023,0.10491457840060199,0.1122547667395436,0.11536944330560837,0.11370717591320284,0.11238428683778105,0.11179598623047927,0.10617341514036166,0.0970984636493272,0.08475789053790099,0.07029839350737302,0.056221613336391994,0.04220878441548733,0.028272221316071884,0.014402230870436915,0.000614337670327815,1.5946975145625686e-06,6.250299439758427e-08,1.0235215588878091e-08,2.8178320955498225e-07,1.0916317371709848e-07
2025-08-19,-0.01574828796187702,-0.015108787892128996,-0.015237580862071338,-0.011809232524566646,-0.005892994968425934,-0.0011202329180289802,0.0021776046858107932,0.004116515933181283,0.005080989188829459,0.005357066092518743,0.004839759138797764,0.003937869639585424,0.0030029665304858472,0.002039575997905469,0.0010518481575726658,4.582106121632687e-05,1.304766121109632e-07,5.64010375616071e-09,1.0016779778112105e-09,2.9567193617705634e-08,1.2167406937434879e-08
2025-08-20,0.025678849237147514,0.022440504509177943,0.018991734445241902,0.01557641009377165,0.01289178250292896,0.010739976551491975,0.00853497102186714,0.0068107399715822544,0.0054307210868161015,0.0051925254135937425,0.0047833476143988385,0.004296791788686708,0.0034981485008999005,0.0024803674723446766,0.0013251804443298258,5.8356235743174935e-05,1.8306999107213862e-07,8.125629694613888e-09,1.4460272420426778e-09,4.239143457442536e-08,1.728702219676478e-08
2025-08-21,0.05195558093141537,0.046014424975694926,0.038955289029561704,0.031587807422071845,0.0244732493643824,0.01887211081397585,0.014349876104321273,0.010854431538240292,0.008156104566846529,0.005741845943854469,0.003998304543893949,0.0025833307298212967,0.0015763247679385613,0.0008614821555659303,0.0003555925215237825,1.206696351399635e-05,3.5634565471839404e-08,1.426239467665283e-09,2.2830401362849264e-10,6.033214775570665e-09,2.2275332283780665e-09
2025-08-22,0.03203671131436,0.027850910235138634,0.017641952273226343,0.007967812831306395,-0.0004928782959733459,-0.005961846476149993,-0.011114285936419862,-0.013907746860617262,-0.014877911192224693,-0.014553198139972025,-0.013152267361700828,-0.010953095603271153,-0.008489497572724455,-0.005835334766065607,-0.0030358483133466467,-0.0001331936403846648,-3.9816602435897256e-07,-1.681227299356716e-08,-2.902990638773197e-09,-8.338897390591215e-08,-3.348269305588193e-08
2025-08-25,0.1271946147867069,0.11607913158087571,0.10414212058621594,0.09129709090225262,0.07851823914594803,0.06718520387037731,0.056291621002663716,0.046876409312492893,0.03867804235376122,0.031236106723684657,0.024422025195209664,0.018389314715784057,0.013123342690663693,0.008418903587274568,0.0041304887686638226,0.00016965856922618503,4.4841778733875056e-07,1.7753324351906807e-08,2.9164565758030317e-09,8.028721543818417e-08,3.1076094145979574e-08
2025-08-26,-0.2758287454930312,-0.2528557392391602,-0.23323210641235007,-0.21280671163267859,-0.19154327853921238,-0.16838483144130093,-0.14384399626864958,-0.1219414585063172,-0.10220519568929023,-0.08443499296979333,-0.06817316680074544,-0.05315015538243531,-0.03906519072328691,-0.025697038313614504,-0.012891958170066223,-0.000539501976434993,-1.4078164781554127e-06,-5.51964956381237e-08,-9.009567651358895e-09,-2.469099135338846e-07,-9.525922424672181e-08
2025-08-28,-0.000642729095869932,-0.005048327020563959,-0.010719168162710787,-0.014045189346818497,-0.015590181941776695,-0.015869338382363193,-0.014774862871542407,-0.013341735073438636,-0.011729342120169297,-0.01047242073463141,-0.008971434264548883,-0.00744429687780814,-0.005732770720552618,-0.0039059363786939165,-0.002018383542841526,-8.725207038075683e-05,-3.008786571967268e-07,-1.3249705365680885e-08,-2.3264467976505934e-09,-6.730959959427869e-08,-2.713857267224645e-08
2025-08-29,0.0061280502487972045,0.006656199630005622,0.005540953001534767,0.003585770282149202,0.0017540572883880702,0.0005850463178086348,0.0010670549072228416,0.0012839649356115315,0.0013094328494008755,0.001057588394133389,0.0009528306216367746,0.00029288905473967764,-5.48782340464489e-05,-0.00018203486795310481,-0.0001561214122078766,-7.90164291843051e-06,-2.9956739857594595e-08,-1.5548988553039883e-09,-3.037701462612506e-10,-9.499222009785655e-09,-4.0596610494077395e-09
2025-09-01,-0.09170453541939319,-0.08258909987271199,-0.06505370253895233,-0.04708600758013161,-0.031045217489394893,-0.018841461508914636,-0.007989855233888066,-0.0008108677424883171,0.0035918407539826253,0.006419518907105468,0.007782809919613172,0.008285093327861905,0.007436078290421121,0.0056312860277703426,0.0031464584970265115,0.00014473357206062424,4.5386899383354387e-07,1.949463890508022e-08,3.399319802532191e-09,9.832298636917808e-08,3.969085878121289e-08
2025-09-02,0.011925597537798158,0.0119759822230278,0.015289853618070703,0.01648964386778852,0.01645708530023344,0.015576972656000668,0.01290753097804744,0.010593947734131507,0.008617435584761229,0.007214943346507171,0.005387170544324629,0.003495389867745983,0.002146418007515831,0.0011816822908446703,0.0004933888980519699,1.6443603750185258e-05,3.5222009700738336e-08,1.1468409407901184e-09,1.5610127409024495e-10,3.5057459189365797e-09,1.0748321092024368e-09
2025-09-03,0.20114781125808567,0.18587930471042316,0.17748007321810555,0.1633267556445752,0.14654914272103914,0.13018105602558147,0.11381861486251044,0.09845621065362911,0.0839648302020084,0.06934489973259687,0.0554561136668558,0.04291625362514121,0.031366849043494884,0.020551089765421263,0.010273157918803268,0.00042874100686174095,1.0552703355512407e-06,4.002390731383605e-08,6.386867716464396e-09,1.7192953600810112e-07,6.526232692667407e-08
2025-09-04,-0.013314713965177628,-0.013217012229856257,-0.0012126100249288342,0.005916855607128784,0.009023241553081665,0.009124505687041741,0.00789659731079775,0.006717781933008745,0.005606222388980331,0.004024035609359007,0.003116323211600414,0.0033318701250813704,0.0029832700493773495,0.002252313535076976,0.0012547057551897374,5.627234626976981e-05,1.0901355440453188e-07,3.6796549122990012e-09,5.482561608597105e-10,1.4117603728266218e-08,5.1816225708660025e-09
2025-09-05,-0.08084956010087911,-0.07340023922652823,-0.060942016345061835,-0.04989225077108571,-0.040862122848064966,-0.03235391855812381,-0.023993747810466683,-0.017731856012048266,-0.013024205575825164,-0.00941964288271989,-0.006716979324824443,-0.0042581542085779935,-0.002537983241601778,-0.001346942223230629,-0.0005348299092930195,-1.7680831342819895e-05,-2.8161577693780155e-08,-8.199213593578283e-10,-1.0502111577361538e-10,-2.2851705550642057e-09,-6.958780604924195e-10
2025-09-08,-0.025352310859931525,-0.02191006048317245,-0.009693660836729559,0.0010580689118866173,0.009862033656351462,0.016508870156366057,0.01913345251530892,0.019794882132825996,0.019141074590736034,0.017124939986870976,0.014534488312316643,0.012379871746459372,0.009735213461597204,0.006757454531539505,0.00354221305158422,0.00015420719646686479,3.627713810403401e-07,1.3581646452591363e-08,2.1668989693220976e-09,5.865763840795225e-08,2.2432492256878e-08
2025-09-09,-0.03463260632487673,-0.030077279109517303,-0.02259307513196334,-0.014602170529203236,-0.006704698079022924,-0.0011385864049919877,0.002778272081744206,0.0049602778521513425,0.005949990264822856,0.0057357591457312075,0.004964120883004455,0.004029604715211432,0.003058527163129704,0.002068311997072775,0.0010600214438274793,4.451400238414373e-05,1.1658652012229033e-07,4.723865133249713e-09,7.985105257216433e-10,2.262238935792542e-08,8.994307939752202e-09
2025-09-10,0.03248803018656024,0.031570377459845055,0.03261329469880347,0.03397693448100754,0.03420379547559033,0.03191969066772858,0.027936196679340306,0.024236742336239642,0.020744068461884882,0.017462476491038464,0.014147498737703188,0.010579436380676911,0.007513460399440777,0.004804827344218974,0.0023506137530611452,9.555783868037209e-05,3.033510322025985e-07,1.3244302864763368e-08,2.319447906199225e-09,6.70140151838795e-08,2.6977917018781985e-08
2025-09-11,-0.015020792385539584,-0.011169266951614984,-0.007853122916918491,-0.003405394151175252,0.00036797014527371045,0.0028127627006791917,0.004587891448713989,0.0054790689166542466,0.005722246025178024,0.006328001362171748,0.006222606830562977,0.005474957009663964,0.004399173874195374,0.0030934581062442147,0.0016402884263223422,7.111539869839327e-05,1.9563060584883542e-07,7.813946243310749e-09,1.2831358576050976e-09,3.520470320757972e-08,1.3576503637392372e-08
2025-09-12,-0.0020313658698729795,-0.0008283995649108043,0.009387086039359147,0.017370301231668803,0.021706634854641502,0.02417256213425276,0.02457171726207808,0.023612512742292608,0.02176097014385316,0.019316907875057823,0.016599635945932764,0.013453819604101271,0.010205640141338327,0.0068924686138380955,0.0035344813062854414,0.00015056526661138883,4.026222565621544e-07,1.594711748381129e-08,2.6234361752006515e-09,7.237888959615456e-08,2.807214826948732e-08
2025-09-15,-0.08242816268826852,-0.0730865332914197,-0.060548896341299806,-0.049179745078417936,-0.03939652900959812,-0.031638185360352886,-0.02693218524017522,-0.02281255432836849,-0.01910855197031791,-0.015754940747938154,-0.012657690515924904,-0.01004228748290826,-0.007486132687940442,-0.004980325790331709,-0.0025238309447975617,-0.00010599787631903331,-2.7495061122431953e-07,-1.0754464033103787e-08,-1.750051273336537e-09,-4.7805301502066124e-08,-1.8381636988851437e-08
2025-09-16,0.10130939695776453,0.09368122903763318,0.08481387615215598,0.07677562928037072,0.06937372615651238,0.06300107456620739,0.05590643643052882,0.04892907081298037,0.04214245427859701,0.03584538556590429,0.030215191653493203,0.024580680005053437,0.018689428231239275,0.012637673896129104,0.006488551012581542,0.000278021190393736,7.372011959274374e-07,2.9158824812726227e-08,4.796335410043365e-09,1.323686300656801e-07,5.1361345308239664e-08
2025-09-17,0.028431860538455683,0.029691372539809312,0.025777905826561105,0.02266387451093971,0.019987157688206792,0.018585218983416966,0.018086184699637242,0.017094815376662627,0.01566835808227922,0.014471903519066916,0.013031947872615504,0.01105572799242938,0.008673888908122259,0.006005271047368248,0.0031450233007912017,0.0001374306001827454,3.6607493586711896e-07,1.4645236330191057e-08,2.4300707372479408e-09,6.755573451637856e-08,2.6389694319422257e-08
2025-09-18,0.05832377069175405,0.0548151355743674,0.04931333213586931,0.044703169995952884,0.040296667764968805,0.03577521679211161,0.03047679065204502,0.02567768192907014,0.02136635900541349,0.017359916968318977,0.013646889459942264,0.01037722658342972,0.007462692274624248,0.004816319649824013,0.002375051194738103,9.717752393295757e-05,2.5911157962016153e-07,1.0254250129988823e-08,1.6771154757846911e-09,4.588602868586734e-08,1.7650095333983873e-08
2025-09-19,6.059801886932936e-05,0.004028632936169382,0.004502746484993979,0.006064697351563234,0.008032544582913102,0.009157286685487735,0.009593118522942016,0.009364295970398714,0.008696840007959809,0.008127150625526956,0.00704626164509032,0.005516188727002949,0.004062778034208683,0.002672350970124767,0.001340441054648902,5.506774734972576e-05,8.052601697371674e-08,1.9313716176523616e-09,1.689204904038724e-10,1.291810821059044e-09,-6.263236506738357e-10
2025-09-22,-0.11181808456285577,-0.10338984303098252,-0.0875178184479689,-0.07120307878220848,-0.056280605717820474,-0.0445979132072236,-0.0351810164756207,-0.02773646960286517,-0.021772600574925912,-0.016863797260553644,-0.013021674634285446,-0.00973479690790726,-0.00689709157715452,-0.004392373206018295,-0.0021404829382640394,-8.615652239653027e-05,-2.4362952523188346e-07,-1.0108156838788068e-08,-1.7107628633252924e-09,-4.8136197945447034e-08,-1.8975744383350914e-08
2025-09-23,-0.028139409193769956,-0.022803001571877823,-0.0086529840261456,0.0033725826272839317,0.011593712031172479,0.017781516185856026,0.020332470242612845,0.021084353740015105,0.020515222449841112,0.018986697890470687,0.016578115880649814,0.013797739882405841,0.010690503359706173,0.007346670371448546,0.0038225133133517955,0.00016312709569866034,3.8409997923722797e-07,1.4275621769103736e-08,2.2510802239479682e-09,6.009953629421366e-08,2.264883197132051e-08
2025-09-24,-0.09047608184048124,-0.08278542958987348,-0.06852240198889561,-0.057489564110373835,-0.048803782413791505,-0.04063538030874007,-0.03241686094229938,-0.025866764875538323,-0.02056684040269434,-0.015613507259085382,-0.011434135617846803,-0.008314630583121454,-0.005748967725263963,-0.00358480933567154,-0.0017131880409295914,-7.006294585159798e-05,-1.7893576031929975e-07,-6.971352151063363e-09,-1.1361855013827176e-09,-3.115911192269364e-08,-1.2043449869689803e-08
2025-09-25,-0.12726002142272388,-0.11532303597055668,-0.10330313184723881,-0.09137707310589281,-0.08061214564292957,-0.0698700226751646,-0.06105049042753974,-0.05275944761680299,-0.04491482731520963,-0.037918275174626564,-0.03115233771266053,-0.024670013014207966,-0.018362682228238603,-0.012203979481234266,-0.006176586464117689,-0.00026108458169456136,-7.356663918491199e-07,-2.98712742641832e-08,-4.995214840826951e-09,-1.39559897422418e-07,-5.470966598340707e-08
2025-09-26,-0.2904830009375836,-0.26732819074261693,-0.24774807976635407,-0.22443732602865377,-0.1995336753579627,-0.174525781920588,-0.1513668260055731,-0.12988267872376935,-0.10989710111186994,-0.09049152162234983,-0.07132567917905593,-0.05479153193677194,-0.03977599488991461,-0.025894760340913866,-0.01287317734651414,-0.0005350796630569316,-1.3774283506216481e-06,-5.3473108742668436e-08,-8.65855133782401e-09,-2.3556485220869978e-07,-9.022494273771614e-08
2025-09-29,0.19622483107908584,0.1768506779890867,0.1510795839022821,0.12282335509604977,0.09735119710068246,0.0756891297128558,0.05707191507505223,0.043023188614802775,0.03230820832745586,0.02359622309975666,0.01626721239803818,0.010980740460505808,0.007047822470549761,0.004080309796658048,0.0018079254272674221,6.685177666374029e-05,1.0740741288206282e-07,2.764093076287242e-09,2.8317123893932327e-10,4.015840937355797e-09,2.858605192180111e-10
2025-09-30,-0.050613838092338444,-0.04416393956882721,-0.030498798151774063,-0.01845267265901276,-0.008593943772451599,-0.001809267499162592,0.002805495937146897,0.00545378457195461,0.006713534168804063,0.006484946882566747,0.005331291112717415,0.004243917915717824,0.0031763458317627764,0.0021275105314684105,0.00108157740888259,4.7317335274383825e-05,1.1534379555656039e-07,4.3281397942385214e-09,6.920227058404718e-10,1.8764803266405216e-08,7.183052164624431e-09
2025-10-01,0.1543239828072987,0.13764629868233305,0.11567662404223941,0.09953879915394251,0.08626253857403625,0.07360969482810283,0.06076916429352009,0.049948262679936434,0.040743644241946056,0.03232610329073863,0.024942662701185177,0.01878274746992384,0.01340468747468703,0.008600125064951445,0.004219715385967093,0.00017219831735212226,4.601031049430544e-07,1.8258119789937737e-08,3.0012552997089426e-09,8.26514244563018e-08,3.202076196353479e-08
2025-10-03,0.1537430497410488,0.14231431092761004,0.13189048905724293,0.12084949082829699,0.10877136560793023,0.0960891787311849,0.08339946512552986,0.07174703693067563,0.06092397891839775,0.05105582624596995,0.04190701835364173,0.03288460014066721,0.02430171220360506,0.016058795361422986,0.008087940183358802,0.0003390811966079839,8.684575875443636e-07,3.351036035695819e-08,5.401736180129969e-09,1.4643170877498406e-07,5.590524271681784e-08
2025-10-06,0.005179572073795595,0.005348486815571512,0.007579622514657705,0.010045108526743108,0.010296165585778356,0.010655377990417988,0.010749335049831261,0.01034757934137532,0.009586166160899003,0.008279927916728363,0.00686311914971437,0.00547366796330485,0.004105516182098935,0.00275023830509901,0.001401560675938735,5.9740363761951924e-05,1.6773535085065876e-07,7.01063658016229e-09,1.19700203842549e-09,3.3978422963459324e-08,1.3506758323160725e-08
2025-10-07,0.09294460257118789,0.08840860985285125,0.08143089352319346,0.07124489970137406,0.0606302134085765,0.05123500861886433,0.0432947949241959,0.03616082987526797,0.02980836957481002,0.024213540549502317,0.019212918769931163,0.014723194414546191,0.010644927465150956,0.006893303034185514,0.0034089056580037373,0.00014181332916704507,3.8511007248440595e-07,1.5101009361200634e-08,2.4452562187295015e-09,6.627635991677929e-08,2.5262170282517744e-08
2025-10-08,0.19546742495578986,0.16888325269676469,0.13971720220806402,0.11263993873764903,0.08918598806643493,0.06968992771785561,0.05170164777430023,0.0382755075092291,0.028226619755394793,0.02021119033545083,0.013995404869219942,0.009069788736070986,0.005563638038750282,0.0030615998999314544,0.0012789458106105876,4.275786832300744e-05,4.187665015576725e-08,2.2648233315222762e-10,-1.261725048709662e-10,-7.087933274406882e-09,-3.96647533981393e-09
2025-10-09,-0.013969701064070732,-0.009474695941072456,0.003380572005889171,0.010994534071560388,0.015340813628301505,0.017609621798505417,0.01843481493667813,0.018058415123062162,0.016840886442667357,0.015149071477332365,0.013112675941039053,0.010798183233707015,0.008284610260003933,0.005642290190682744,0.0029127817037916367,0.00012651661336339774,3.771214418783512e-07,1.5821346153288477e-08,2.711129090383307e-09,7.726989430932357e-08,3.0794453435257184e-08
2025-10-10,0.26312890603426037,0.2457375154445172,0.2121676647316858,0.18237875119575758,0.15594592769820406,0.1330438524609565,0.11239803827118323,0.09429343549557125,0.07829385525901025,0.06386779084545621,0.05046756711105698,0.03842840011456326,0.02768154744322158,0.017896202907540196,0.008840974955820797,0.00036572382250171234,9.377961456964051e-07,3.6147713465028425e-08,5.803557677002645e-09,1.5649269867254137e-07,5.944344649106887e-08
2025-10-13,0.03752793305696401,0.03473932123182702,0.03147092626853078,0.030551151181182318,0.030526829164086985,0.029165006611633813,0.026739990247032348,0.023953081604389494,0.020977598096386503,0.01814965490116089,0.014983960047185971,0.011829865150277423,0.008783154129671556,0.005824198313818565,0.0029424328727065898,0.00012293861981600853,2.6640599925529245e-07,9.248438721278085e-09,1.3646653259830555e-09,3.408140522481773e-08,1.2006451926705445e-08
2025-10-14,-0.040626522633060894,-0.03909182941237328,-0.04406396937679634,-0.04700198571957004,-0.04744555108906498,-0.04592426977790242,-0.04352695721292734,-0.04001923961301936,-0.03575797660565591,-0.031433440367821676,-0.0266069302515402,-0.02138194668489821,-0.0161076950683485,-0.010812972650380327,-0.0055189382009502245,-0.00023515415969884443,-6.281286323493635e-07,-2.5374780984972484e-08,-4.258839478558596e-09,-1.1990260352816853e-07,-4.749903592848858e-08
2025-10-15,0.05667325722358982,0.05332023937000585,0.061542293612535756,0.06482865671880096,0.0647349367349486,0.06144964349613477,0.057827743623578724,0.05288941907722833,0.04704863909952214,0.04106634741578388,0.03514196330003673,0.02863531329981119,0.02179608611906362,0.014749566812804772,0.007576817891369641,0.0003254311744855538,8.685415435083888e-07,3.447065213046861e-08,5.691393307580761e-09,1.5767137219578228e-07,6.139692794028666e-08
2025-10-16,0.18527434229545653,0.16468691563469537,0.1437430316401081,0.1272809922273562,0.113167545566338,0.09949775640603478,0.08703300545322225,0.07539035258136667,0.06439968408595285,0.0537638340732343,0.043597617591484415,0.034212377330141416,0.025294714759702193,0.016729462504768748,0.008432570956958908,0.00035478392749569094,9.433635223685326e-07,3.749767058513565e-08,6.1943140434336285e-09,1.7161196773512195e-07,6.683289447480873e-08
2025-10-17,0.11889766216697331,0.10640079987029401,0.08894153325721064,0.07330959931434577,0.05962715788303033,0.04842713975650456,0.04285722216641552,0.03747401104469427,0.03219592240843938,0.02732585555968933,0.022501871344013588,0.018085314803047738,0.013613705614761561,0.00912281711612555,0.0046512018678518735,0.00019727387811478472,5.095313965505183e-07,1.983960244981984e-08,3.215919568167773e-09,8.756020778003515e-08,3.357461093862447e-08
2025-10-20,0.17989644361610665,0.1623064972459475,0.13643983112638255,0.11374302931216573,0.09361603619703648,0.07691423309587078,0.06274998596540254,0.051306575714042874,0.041799586550023526,0.03407750852927673,0.02728697006798449,0.020774490619753755,0.014982033356356592,0.009701202591837283,0.0048039748176818605,0.00019856053475774264,4.918836177958983e-07,1.9016262084845077e-08,3.0721571135180922e-09,8.344472164319192e-08,3.1922781760403904e-08
2025-10-21,-0.015426274315461235,-0.01336726337997584,-0.007593698692420329,-0.00198634144505755,0.002387321377320394,0.005044160526397428,0.005867989046919782,0.006100818400189691,0.0059233459109794976,0.005332380106754762,0.004662584604977798,0.003950317050184939,0.0030973765508752393,0.0021471742274783083,0.001124086404276203,4.8732945601697916e-05,1.176885519061695e-07,4.500025300491915e-09,7.282431069936192e-10,1.991480563632008e-08,7.677596312802886e-09
2025-10-23,0.07560354394475369,0.06745102879180076,0.056803257666436575,0.047255793099391194,0.03811595370146106,0.030747667394872794,0.024485300972291662,0.01960690007300585,0.015700169911682604,0.012037390025015053,0.009011290587445793,0.006569846689283396,0.00456991210398942,0.0028752681010453043,0.0013861863802938684,5.455617918968946e-05,1.1798102497721148e-07,4.322337647116291e-09,6.790984838931652e-10,1.813328838108107e-08,6.859220696052592e-09
2025-10-24,-0.08843443448574449,-0.0778503415147313,-0.06469513558101207,-0.055625706584135966,-0.04917001167870351,-0.04335732420133984,-0.037700534516616487,-0.032574094489289794,-0.027823224515902172,-0.023207374774339352,-0.01862759747226682,-0.014377464988984894,-0.010497524680439711,-0.0068780692952144645,-0.003439663065071532,-0.00014549327835641654,-3.738635533321381e-07,-1.4649085656448646e-08,-2.406379664663875e-09,-6.65398986110068e-08,-2.5896776925159016e-08
2025-10-27,0.048183043999916006,0.044308730684781264,0.03900885758284756,0.03384792046613565,0.029038917834862652,0.025630949827727248,0.02340745271146866,0.021173320191094264,0.01881383955796006,0.017085742513514725,0.015133179149339303,0.012509655121997969,0.009636572747017019,0.006582204863919516,0.0034112897609802147,0.00014749507189410355,4.1579833414985505e-07,1.7008445730195342e-08,2.86466096226339e-09,8.058472962948177e-08,3.1782731288645e-08
2025-10-28,-0.05005790247972457,-0.042034491557793104,-0.026937984300327,-0.016188233778257156,-0.008387175204688062,-0.002758400840840675,0.0005678972645348818,0.002641397936186019,0.0037732408284234862,0.004096312121247695,0.004280542941838879,0.0037908241864100982,0.0030657081815312665,0.0021754666144983663,0.001158646697997092,5.0246414033303146e-05,8.934216519370796e-08,2.7968478332139106e-09,3.860197998365399e-10,9.159865076691834e-09,3.0631295597049472e-09
2025-10-29,0.1733607579410839,0.15982330244510368,0.14390051355641711,0.1294440580190678,0.11676309717000513,0.10307467681975355,0.08935620204967909,0.07670797959252346,0.06496201564461698,0.05447342539956019,0.04384930965536421,0.03368298975372259,0.024455046662871304,0.01592106314460769,0.007916219242345533,0.00032934667211161354,8.521288970564717e-07,3.2994180219988104e-08,5.327994152010607e-09,1.4458653768399794e-07,5.524677568953435e-08
2025-10-30,0.01816850400111377,0.01685198900520555,0.012048378317344966,0.008014946023877782,0.0051700936167714765,0.003289289214886233,0.0016076553078702145,0.00041846710653083017,-0.0003515635716838716,-0.0013859569500725638,-0.001917645217178928,-0.002148315953323984,-0.001975874496577931,-0.0015135277279618047,-0.0008550151442419959,-3.878885828814836e-05,-1.755969237794035e-07,-8.484990486251527e-09,-1.568344536463111e-09,-4.7014861902308325e-08,-1.9467288823798692e-08
2025-10-31,0.006646545764967787,0.006511622627984635,0.0011567973724085452,-0.003220934049345518,-0.006236099078286496,-0.00790418725456464,-0.008950570070560757,-0.009161388917308158,-0.008783700740269768,-0.008841382466973049,-0.007960087256983338,-0.006758161640451077,-0.005301725862808116,-0.003666425917129904,-0.001919489725108802,-8.405265915181257e-05,-2.5939129195637444e-07,-1.0890063978393979e-08,-1.8584681248965978e-09,-5.271287025310822e-08,-2.0923590559565686e-08
2025-11-03,0.05943865445900325,0.057216660349590096,0.04858986056036546,0.04012046744418235,0.03244043900210893,0.024300178018024397,0.01622196952228544,0.01051815424790018,0.006526775099062534,0.0036918400145185605,0.0016703895736424371,0.0007721845589197836,0.00023465292607494832,-3.645695182593885e-05,-9.967049581265386e-05,-7.1694150298107966e-06,-2.6447360961829358e-08,-1.3453994126659863e-09,-2.696749847507206e-10,-8.722127216531912e-09,-3.836962392397776e-09
2025-11-04,0.1410033945647029,0.12300276323342993,0.09987897545735684,0.07880993550517686,0.06108415688222219,0.045859951414364795,0.031848376203605776,0.021865736606710272,0.01478009969398201,0.00956700013178488,0.005673576763793401,0.0032650638022755493,0.0016999883772058685,0.0007326273789587772,0.00020419210156534038,1.4581146469099671e-06,-8.351920869199448e-08,-5.042288187676427e-09,-1.0317853848601676e-09,-3.2983221641039874e-08,-1.4323666434957706e-08
2025-11-06,-0.03454993307330306,-0.029437961382496602,-0.03212486872730114,-0.03263478268729829,-0.03161373944631397,-0.02919918962465837,-0.02129237157552877,-0.015360284877509529,-0.011012226739794467,-0.00847802997368185,-0.006832980300679758,-0.0051245797785288314,-0.0036449930381865256,-0.0023298439801191025,-0.0011413954668786014,-4.6136577745699386e-05,-1.4139209169745613e-07,-5.666004676983034e-09,-9.343273809125038e-10,-2.575345309344529e-08,-9.947230536578617e-09
2025-11-07,-0.09630188493415484,-0.0881780043543443,-0.06612674903507533,-0.048474632382698904,-0.03457326319563494,-0.024184010992531427,-0.016087172972252976,-0.01037588493902532,-0.006406497346662699,-0.004925914423659587,-0.004142748423004279,-0.0029342867452288837,-0.0019584620146522306,-0.001159244322137012,-0.0005288994113803836,-2.045860515206215e-05,-5.398113243195117e-08,-2.2530810871550905e-09,-3.6942560886063716e-10,-9.935890455622573e-09,-3.758570850593766e-09
2025-11-10,0.06992599093439877,0.062060146164768994,0.05918005334613461,0.05382305362071444,0.04709926771672467,0.04085505401771012,0.036221837459958016,0.031632250537050245,0.027136896238963846,0.022838605547476108,0.018790860914388068,0.014633811333897304,0.010745878980471284,0.007063175350809409,0.003540396176938843,0.00014699421080468676,3.64184204697281e-07,1.4112133415349e-08,2.2913773421138598e-09,6.261474029521286e-08,2.410583226617793e-08
2025-11-11,0.0022856003021975778,0.0003631262979399023,-0.01762390015904792,-0.026326527243880942,-0.027701542703590213,-0.026500037161072625,-0.023353670953637124,-0.02020601526190396,-0.01717854269503806,-0.013717265978681465,-0.009883658653840263,-0.006499998238680539,-0.0040556778660431414,-0.002280256780775269,-0.0009743744505615163,-3.397441406415606e-05,-2.2116828655014238e-08,6.375698590827519e-10,2.8007539771875277e-10,1.1603405956892483e-08,5.793899561692902e-09
2025-11-12,0.10169763285012531,0.09002374189192262,0.07455316285727892,0.062480429956890134,0.05349081242668205,0.04524667451578204,0.04150219598585039,0.037295402854446894,0.03272503164183957,0.02818834619573529,0.023380540702321873,0.018501402134467767,0.013763803660869925,0.009142113843064835,0.004625297258779481,0.00019569596054935212,5.349455227558186e-07,2.1591755475254414e-08,3.596491215847952e-09,1.0016100132433286e-07,3.916084967556031e-08
2025-11-13,0.011064991384378128,0.010310148539962692,0.006488686811983691,0.003667856779724738,0.0012846081720402644,-0.00013732383904652127,0.0029249225541740894,0.00469453830457307,0.005452915854692842,0.005795178675489321,0.005837727052281809,0.0049699821835322705,0.003901353625361717,0.00269830099678182,0.0014094163949523765,6.108283647363491e-05,1.9239579581150939e-07,7.962220236372838e-09,1.3333590747569846e-09,3.708686566786211e-08,1.4456634030996836e-08
2025-11-14,0.03335197755271379,0.030497874297728905,0.02430869918877302,0.02081603400575296,0.018582846662756922,0.016014598124367372,0.01404313044822811,0.012254515754089002,0.01055407971428579,0.009117719007563448,0.007613442684821015,0.00605480302530545,0.004527945063060346,0.0030222703300310113,0.0015366725288200867,6.456860675592711e-05,1.5849155236654875e-07,6.010406499624795e-09,9.541299760600318e-10,2.5497769949507152e-08,9.607011481225278e-09
2025-11-17,0.09811722892837688,0.08759690072087907,0.07708131414369403,0.06675382836321431,0.056659436998039076,0.048409009305302474,0.040642580172606586,0.034003659276787786,0.02823320747928486,0.023300418033900327,0.01890528738558087,0.01486642353458619,0.011008199322018948,0.0072870075064957315,0.0036769266242496503,0.00015387500630394127,3.902773883507132e-07,1.497216824283012e-08,2.4012161271364616e-09,6.477071028958908e-08,2.4598614136474223e-08
2025-11-18,-0.0030151799094757384,-0.004126604351082483,-0.008298702149785587,-0.009418491372170964,-0.009159639979958679,-0.008229694541933402,-0.006308033190166856,-0.004747875767294269,-0.003518566340911858,-0.0027977295056206553,-0.0025148162101595595,-0.0022795492635658806,-0.0018593992946897627,-0.0013192103922263971,-0.0007028596164731265,-3.141248779395196e-05,-9.828445285990914e-08,-4.322573866701193e-09,-7.666091725547299e-10,-2.2453502888537297e-08,-9.158924771425655e-09
2025-11-19,0.15163175658911246,0.1368362781988061,0.11326763525926747,0.09091367227325144,0.07099971759396376,0.05477215954843071,0.04091771772200138,0.03058552217223682,0.02280124632449309,0.017120016388265425,0.013022819762806618,0.009708946071491918,0.0068648074725480256,0.004361030804405742,0.002124017541842707,8.618652903996965e-05,2.6250813622345116e-07,1.1113449990909154e-08,1.8995602355278536e-09,5.376581838715921e-08,2.1269391971618685e-08
2025-11-20,-0.06310765316301781,-0.05646181714288129,-0.04161072359066907,-0.02807969295403016,-0.017553286132859797,-0.010076496078922314,-0.006062749640514002,-0.003353266855705376,-0.001544921231216904,-0.00035493876149482673,0.0004392047056554991,0.0007707232523686045,0.0008277453575535614,0.0006902767605958365,0.0004086126628824852,2.0126588565762503e-05,7.455364545883181e-08,3.4085656118418595e-09,6.196230768141422e-10,1.849496652951305e-08,7.651325478581015e-09
2025-11-21,-0.05399316755892277,-0.0530014820347852,-0.06303285478802761,-0.06853734664114558,-0.06979129859444379,-0.06705939905220613,-0.06041392691113594,-0.05347929956268708,-0.04644713307773946,-0.03901715126090171,-0.0314557481679449,-0.024204873625109407,-0.017607248057331496,-0.011491535603006833,-0.005723979816759787,-0.00023837188632611311,-6.141725865237427e-07,-2.383836962490642e-08,-3.865970622266058e-09,-1.0540777791954974e-07,-4.044370727187851e-08
2025-11-24,-0.05789687036133439,-0.05285566634046885,-0.05727424728899099,-0.057966398298974334,-0.05543330778092377,-0.05165666467585422,-0.04648566755376317,-0.041163612627333285,-0.035782679158921624,-0.030627469216966425,-0.02542010425154183,-0.020399730145726314,-0.015349490269584772,-0.01029416991269994,-0.005250389345054419,-0.00022404815323516568,-5.923701254251015e-07,-2.3389503653076832e-08,-3.8456500446957385e-09,-1.0614485061665693e-07,-4.119300673368798e-08
2025-11-25,0.019976102170854083,0.021265599842757096,0.01920222013435936,0.016697310143242695,0.01446294949536279,0.012440252508123847,0.010315096852142262,0.00857722076120801,0.007099712633364176,0.005856500558001938,0.004541402055352923,0.003306369563661062,0.0022891835569616575,0.0014284444124673952,0.0006834786753403152,2.7338176098427197e-05,4.117572554188856e-08,9.602343269230676e-10,7.510421035145844e-11,1.380861269176563e-10,-6.180287497854551e-10
2025-11-26,0.16716438446661674,0.15316146866507588,0.15161708741837776,0.14728093651952234,0.13919713215939858,0.1288341058878079,0.115871837915882,0.10237816927591398,0.08874843350612634,0.07448390339949477,0.06039515214576065,0.04703657136030643,0.03455871027630038,0.02274236765138765,0.011409969230808887,0.0004792111169582552,1.2561455298343637e-06,4.9417368687815294e-08,8.101008227046224e-09,2.2298194335789758e-07,8.633120057206217e-08
2025-11-27,-0.01974280480396986,-0.020088601476960642,-0.011557782870863908,-0.005378960573268673,-0.0016225174298506164,-0.0004500261842953075,-0.0006608621992172636,-0.0008418885493458835,-0.0009582680750591561,-0.0009379553090331532,-0.0007479175190251789,-0.0006023894469154046,-0.0004592321101329663,-0.0003124336795226718,-0.00016224922796270847,-8.184713415307344e-06,-2.0914604735862915e-08,-7.849472184950831e-10,-1.2225912284233678e-10,-3.1957803392316536e-09,-1.1787076886096924e-09
2025-11-28,0.061985805615402276,0.056843843017630936,0.05013349180827596,0.04306017973589437,0.03663682359980553,0.030803918574922873,0.02522372765645183,0.020573938596472614,0.016658782006806358,0.012888628056038498,0.009648791078521903,0.0073519836981249705,0.005298895003571355,0.003429430535216528,0.0016956837857693434,6.988599513438791e-05,1.551035903146341e-07,5.621481201026569e-09,8.672462631566965e-10,2.2673844525638076e-08,8.380445433482907e-09
2025-12-01,-0.10701402062590756,-0.0979158233417257,-0.08693518455168305,-0.07489243546345602,-0.06253720938390843,-0.05101094148641436,-0.040477065549178966,-0.03208381104380814,-0.025305501222333725,-0.019641255876178744,-0.014866765535955954,-0.010954749336410085,-0.007663097358146031,-0.004824887171920807,-0.0023276060194699294,-9.350262473811453e-05,-2.1116561341119156e-07,-7.508593788462787e-09,-1.126637557639185e-09,-2.851177168543354e-08,-1.017785608908291e-08
2025-12-02,-0.049452060146198545,-0.04567462452574509,-0.04038036876614537,-0.0371856801637922,-0.034707296352295386,-0.03128642007164917,-0.02415165917126639,-0.01863859093744092,-0.014381442659427479,-0.010647160231912502,-0.007967768904908338,-0.005916377349183908,-0.004174258013051035,-0.002655925353831613,-0.001292884185269378,-5.275431496061537e-05,-1.509820614779281e-07,-6.102220613360427e-09,-1.0194820452927084e-09,-2.8487870312913947e-08,-1.1164342690197731e-08
2025-12-03,-0.12937403350977172,-0.11596214732551381,-0.10277215893354365,-0.08924828929783439,-0.07737686067781158,-0.06707850276676845,-0.05751473949907078,-0.049054327987268186,-0.0414081959155226,-0.03500787687095247,-0.029078366995419273,-0.02327680471475105,-0.017482160144983213,-0.011706483634062691,-0.005964646622402023,-0.00025350111588585045,-6.173444006243263e-07,-2.343491933871377e-08,-3.750081762797438e-09,-1.0131829810664585e-07,-3.8602818333672986e-08
2025-12-04,-0.009103508619483558,-0.007495379306682955,-0.0020541859610353082,0.0030261603747587674,0.0066882972368976995,0.008325556334934257,0.008585588471115221,0.008288462445692335,0.0076330682726488295,0.006901422367280025,0.005967925602657844,0.004895422437216924,0.0037399198832860888,0.0025344828791509094,0.0013035128256207633,5.580874783121426e-05,1.5317264323985233e-07,6.2723884438764675e-09,1.058458442824826e-09,2.9816713009175404e-08,1.178114467329418e-08
2025-12-05,0.06775089216290615,0.06328946834817585,0.06087374732179369,0.05669917710375593,0.051686102063796494,0.04744850219550988,0.04352532062038323,0.039216782881649086,0.03460651710790424,0.029749801395868837,0.025029747399234827,0.02023664739556816,0.015324435334110776,0.010336278394000286,0.005296488287226025,0.00022563939037339116,5.758439571318841e-07,2.2272097612617635e-08,3.606674305191515e-09,9.83057785025083e-08,3.772548917509207e-08
2025-12-08,-0.1970092952966633,-0.18184452986274346,-0.174501884064842,-0.16434710368780933,-0.1520664846216701,-0.1380108165707449,-0.1230879274162576,-0.10815730952227719,-0.09338269722136293,-0.07895734413154068,-0.06462272280945312,-0.05076701982429617,-0.03755473147717482,-0.024842241441595952,-0.012522020111785619,-0.0005267271070309605,-1.342631064403104e-06,-5.196061942902326e-08,-8.413286911674664e-09,-2.2919723893228263e-07,-8.793183291947934e-08
2025-12-09,0.09253145854834043,0.0785012967135555,0.05607452392464213,0.03946864837506702,0.0281055158249285,0.018997676268181187,0.007483322262872571,0.00013482506104077954,-0.004165856794655044,-0.006197143939031445,-0.006766944579758599,-0.006532541254264221,-0.0055551366961607215,-0.004065374048457633,-0.00221446951215377,-0.00010001512336435521,-3.2429650231698967e-07,-1.4108168619547617e-08,-2.466401849508907e-09,-7.125544029671083e-08,-2.872430120993761e-08
2025-12-10,0.015148496170121099,0.014887765376255963,0.010981198236284656,0.008052360503252457,0.006048024237498555,0.004558556159089231,0.0037137515508936874,0.0030084719531036645,0.0024133998530857566,0.0017812667305820333,0.0010950634960020273,0.0006132774400919487,0.00030828423847434425,0.00012694946470861025,3.056433230064744e-05,-7.062880206659099e-07,-1.3464317151684128e-08,-7.923577321439849e-10,-1.65568892324055e-10,-5.430854397289064e-09,-2.404871005635945e-09
2025-12-11,0.10795455301887422,0.10240803946504705,0.09541407475437243,0.08649426141076137,0.07713663038039119,0.068670297763513,0.059562242657586334,0.05103340321205147,0.04312016124766916,0.03538828209379815,0.028100243090544253,0.021631776407875485,0.015730832702834832,0.010257632951242601,0.00510506925599257,0.000213504251840845,5.543109978304386e-07,2.166396136471917e-08,3.526360790686491e-09,9.637307091132878e-08,3.7067741051534826e-08
2025-12-12,0.029538943782059034,0.027591488414081555,0.0352099711879197,0.041043931068231086,0.04453701544399699,0.046015386724340704,0.044792309837557075,0.041960618777413757,0.03804318737233565,0.03388079771145329,0.029419865294800635,0.02415796498748785,0.018503904862979006,0.012586405466257269,0.006494138787100855,0.00028037832916566214,7.374632746234571e-07,2.9126173507512957e-08,4.795197884653709e-09,1.3257879493926894e-07,5.1536001499355386e-08
2025-12-15,-0.03528088650846717,-0.031399070502598256,-0.029580228040863247,-0.027970017703267257,-0.02616162138097742,-0.024084802665248938,-0.021166551038432242,-0.01832008371783421,-0.015608680537779467,-0.013186028733155792,-0.010796473487281797,-0.008777386880357157,-0.0066623661149228484,-0.004493701181666276,-0.002302874640250052,-9.803042740709365e-05,-2.422908534143254e-07,-9.125935857530625e-09,-1.4435143235162976e-09,-3.8501698471480574e-08,-1.4482773506351503e-08
2025-12-16,0.04959986731947847,0.03983801084697051,0.018087730120402306,-0.003693904502608453,-0.019997360902059856,-0.030203356729882832,-0.03472435800952747,-0.03591306187186643,-0.034738762740809434,-0.031554543091434704,-0.02700161988615408,-0.021848417493941945,-0.016561187670791674,-0.011185561865601393,-0.005735507392596133,-0.000246338682524906,-6.657555425756576e-07,-2.6662746291292732e-08,-4.430579905115003e-09,-1.2334722649190083e-07,-4.823196079594686e-08
2025-12-17,0.014625361496105166,0.01563412235672904,0.01411764772164131,0.011857118460056208,0.009271838428843644,0.0075901023218984095,0.006223312311735031,0.0051667436492767805,0.004298962425114633,0.0036082960126144576,0.0029296879702906263,0.0022474780453506367,0.0016351566234449003,0.0010682965186951136,0.0005338721734317146,2.2388426003728678e-05,4.8844117732246806e-08,1.7499917083098403e-09,2.659244744805288e-10,6.827589129599009e-09,2.4760967603814533e-09
2025-12-18,-0.03502764880533929,-0.03299764697088707,-0.03140656790806756,-0.027629632518882074,-0.022957975009416924,-0.019128993367457898,-0.016786140238963635,-0.014475155385968996,-0.012248055213424239,-0.010603103266009524,-0.009224303589265894,-0.007669944348165128,-0.005919390113609636,-0.00404161483273675,-0.0020921648281949437,-9.048735378357148e-05,-2.3547290697523396e-07,-9.055705599956125e-09,-1.4477254350028237e-09,-3.886603681452669e-08,-1.4704990321751176e-08
2025-12-19,0.0631973332628821,0.058566424519658856,0.05289652342828238,0.04684757232094077,0.040793189142617134,0.035359619128235605,0.03161317390483873,0.027819806934993137,0.024026216230306527,0.02044018340676347,0.01709413445968019,0.013675904932232006,0.01026078599029981,0.006862907648044803,0.003491333203836337,0.00014818776593411155,4.040773639597893e-07,1.618141370396908e-08,2.682222683892985e-09,7.444858460538768e-08,2.9037358797320536e-08
2025-12-22,0.05294946553135843,0.04841391491661909,0.04670831969714015,0.044609998760604126,0.041825322975008704,0.038896369669902314,0.03583811444237009,0.03216382031600453,0.028170687884383247,0.024523856054384056,0.020671739186810072,0.016596689989209167,0.012480161849172949,0.008355796838531238,0.004255823947701098,0.0001806239367492272,5.138787531245089e-07,2.1155594749405565e-08,3.572150216480096e-09,1.0055216782483672e-07,3.967823782740899e-08
2025-12-23,-0.06194656745712191,-0.055997885529356355,-0.04563234909991262,-0.03822913704750143,-0.03274713716344979,-0.027935782549885414,-0.0235176109687407,-0.019679000271089438,-0.016310745904776894,-0.01323737730897989,-0.010569180625730056,-0.008062456295105755,-0.005816223875041078,-0.003764201038204966,-0.0018615866124594546,-7.565454069180515e-05,-1.6790440009104936e-07,-6.014897241577375e-09,-9.117718284389018e-10,-2.3339682738292274e-08,-8.431755544030381e-09
2025-12-24,-0.06598523361883167,-0.05999781726012005,-0.05370819982777787,-0.046794969934387365,-0.0399953028808056,-0.033506771912667384,-0.027993604533921662,-0.023299606078045723,-0.019218349576043448,-0.015543269573625607,-0.01217117609794071,-0.009139058999072532,-0.0065072290022691655,-0.004166636010894333,-0.0020409995963191164,-8.29188119834982e-05,-2.1406118899281218e-07,-8.414684981172099e-09,-1.375078812729877e-09,-3.768650258144075e-08,-1.4529423337945594e-08
2025-12-26,0.06300166440127503,0.051809158899271616,0.03766276471620452,0.026048963761298914,0.017046536001615077,0.010322707035202407,0.004068292100820097,0.00016397982224945878,-0.002095250580315607,-0.0032693910472599286,-0.0037574042905515978,-0.0036483693241861374,-0.003105531607041506,-0.0022696814915752345,-0.001234768606369633,-5.485462248119923e-05,-1.6783152493637013e-07,-7.083657918255764e-09,-1.212268315509515e-09,-3.442535447037011e-08,-1.3684534028905312e-08
2025-12-29,-0.036503508198835424,-0.0318904266988123,-0.025152384004819974,-0.02128023078306935,-0.019576019307585454,-0.017534589279058266,-0.014242490750632941,-0.011485089064369205,-0.009196230303609193,-0.007378605524149067,-0.005994678899586586,-0.0047994672946751575,-0.003595784249631217,-0.0023980307558828236,-0.0012171789946624747,-5.142128304459956e-05,-1.7601861037416627e-07,-7.655714722542403e-09,-1.3328896178248455e-09,-3.831451501619245e-08,-1.5356099379450488e-08
2025-12-30,0.0035936544716653833,0.005829037049926628,0.010529951373850453,0.014907731831486467,0.018187550532103438,0.02029532443739925,0.020433880148206778,0.019621751289584412,0.01812792691833841,0.016159452654570635,0.014015280138302694,0.011801299865008018,0.009207019049050679,0.006351157147870887,0.0033143003553362297,0.00014253438815857995,3.3869530638405655e-07,1.2688703565725034e-08,2.0126622525105898e-09,5.4000508810211846e-08,2.045154090530959e-08
2025-12-31,0.16107892924222175,0.14610695955745076,0.1387349767542429,0.13025515124354367,0.12008141545093638,0.10902843094948071,0.09686841148957864,0.08499495047330163,0.07338308943681186,0.06210139257364058,0.05087245594109534,0.040121741528817374,0.029784380698280117,0.019764494553471044,0.009990715281995539,0.00042160451871887966,1.0951421216859145e-06,4.284064351127464e-08,6.99423902876217e-09,1.9189499811883166e-07,7.407783985956319e-08
2026-01-01,-0.012698490647521973,-0.010921977748462793,-0.010177038162374811,-0.008059923152805461,-0.00517804197335827,-0.002817450186825913,-0.0016279348676014258,-0.0007885421652168516,-0.00021445107984943883,0.0010576743963808218,0.002412818836341375,0.003092146083884309,0.0030017560836456516,0.002369208078250871,0.001360768955533216,6.405799200334705e-05,1.8180369870295933e-07,7.3720765921072455e-09,1.2275138402515036e-09,3.4088671825722504e-08,1.3259422689212507e-08
2026-01-02,0.07879191033812304,0.07394500114192454,0.0715551482037639,0.06651607407485383,0.060371562131845975,0.05460592968499839,0.04939497014582277,0.043870277547426326,0.038190297647623515,0.0338996481499528,0.02904584353921754,0.023728711319823074,0.018095587692289996,0.012256993625057132,0.006304515848777048,0.00026937508785635476,7.288072369748301e-07,2.904980410293417e-08,4.794086524344836e-09,1.3249053637971704e-07,5.1441542824325024e-08
2026-01-05,0.05281302709799282,0.04833048355317043,0.041243920544592694,0.03631679462263197,0.032474502417787335,0.029635915903212674,0.02851051671514639,0.026611307976230483,0.02409653411547585,0.020732631225570532,0.016857102383671243,0.01309512914238966,0.009612875177813899,0.006326891827739748,0.0031758823082446265,0.000134627501317353,3.3921034053237915e-07,1.288253144625538e-08,2.0579456979717405e-09,5.5480781618375747e-08,2.1095142966458505e-08
2026-01-06,0.26558516874859667,0.24508733436177646,0.21142530092286202,0.17874671022859603,0.14834038803946487,0.12284781484540042,0.10171078157312485,0.08390146860552264,0.0686704902920979,0.054958682475298976,0.042457369466688634,0.03164190822681454,0.022373054267106295,0.014232427155014132,0.006929637228023889,0.0002833180383555791,6.955119178292905e-07,2.597580686846333e-08,4.067253520897517e-09,1.0725761884423067e-07,3.990049745811872e-08
2026-01-07,0.26213081815349815,0.22963819578446154,0.19241650710853428,0.15822806406237705,0.12794145577601884,0.10117657147465585,0.07623055762626538,0.05735428721187129,0.042974192080974076,0.03115572621913715,0.02183641480304496,0.014687840921207396,0.009388839913298922,0.005411237841872775,0.0023841346153023932,8.774453789774656e-05,1.8502837901026628e-07,6.1781697920514556e-09,8.736860889986263e-10,2.0773369945524713e-08,6.9047481702938486e-09
2026-01-08,-0.12213929297695711,-0.11325873504240748,-0.10738655888211138,-0.09942484975691009,-0.08999852556932586,-0.08083790144282811,-0.07203613891402773,-0.06327379416392237,-0.05462178749853385,-0.04665641432830195,-0.03941365803985657,-0.03173082389173602,-0.02393048290979223,-0.016075984216890275,-0.008208948140956848,-0.00034970831043201707,-9.561047096150942e-07,-3.8579373506115494e-08,-6.434485423652021e-09,-1.7950695425566275e-07,-7.029417601455009e-08
2026-01-09,-0.11996142882691765,-0.10794314505416508,-0.0972245801381076,-0.0884279139467332,-0.08049748697689636,-0.07220469401634493,-0.06199295961310387,-0.05270742461291,-0.04428409065909386,-0.03762434055447992,-0.03114344563415706,-0.024811428726774283,-0.01855361404577844,-0.01237059172196212,-0.006281127446071552,-0.0002664883304092988,-7.079381093867468e-07,-2.7948023078812032e-08,-4.585537740995927e-09,-1.262367372070442e-07,-4.888501237200399e-08
2026-01-12,0.04825206405673047,0.0448271868346157,0.044491590693810514,0.04272540152871046,0.04048840051293697,0.03807526392004791,0.037325822697293266,0.035289848235879766,0.03222821062957305,0.028509683639143205,0.024013525198209484,0.01926838308556746,0.014508699017087807,0.00974187284126778,0.0049743563060641385,0.00021269732470257106,5.701745904962614e-07,2.2734889216412672e-08,3.76761061072205e-09,1.0469746596278187e-07,4.087126579085346e-08
2026-01-13,0.014041256901640098,0.012721199977754996,0.007524725360320985,0.0015094077431875676,-0.0035574112949526937,-0.007002470724155107,-0.009430951282442345,-0.010369677847440181,-0.010318133730568344,-0.009975206936814255,-0.010125807807155595,-0.00921351765544513,-0.007560847379741252,-0.005401853019913547,-0.0028929236719389406,-0.00012799983430166457,-3.4496433988141005e-07,-1.3986442791404114e-08,-2.344513957614737e-09,-6.573553612530928e-08,-2.5868640420828933e-08
2026-01-14,-0.11734806453124015,-0.10439531003547635,-0.08473256165532612,-0.06456065655418827,-0.0469847506577086,-0.03399972816488742,-0.027038059446638747,-0.021367667521059338,-0.016704535509070906,-0.011684019937579502,-0.007917233856236366,-0.005185943453319272,-0.0032042057324648244,-0.0017737266093784709,-0.0007414708028628893,-2.3997729853616675e-05,-8.219028328345454e-08,-3.874276237232323e-09,-7.099697631173507e-10,-2.1252304382404087e-08,-8.899354677882474e-09
2026-01-16,-0.11404046235749969,-0.1036750885623304,-0.08965650350295662,-0.07725099907327193,-0.0660994701446136,-0.05680476113889267,-0.05061546862116978,-0.04427539647076036,-0.037981897132917,-0.03195796497072064,-0.025898835710474223,-0.020015143862682105,-0.014598492815439817,-0.009536951072484366,-0.004754725972543028,-0.00019687454781738332,-4.678666240992152e-07,-1.7116709506342648e-08,-2.6323436979717043e-09,-6.82807956200995e-08,-2.5007439698373167e-08
2026-01-19,-0.11616653970067525,-0.10468002966835918,-0.08437898573007102,-0.0672841171736827,-0.05440889700362288,-0.04273016279707936,-0.03220584747027887,-0.02425142170782042,-0.01817747260082431,-0.013730853759725457,-0.010099505777017395,-0.007247682411970158,-0.004941123625945097,-0.0030333070501130464,-0.0014287418426304351,-5.7030727766427886e-05,-1.9587188421109855e-07,-8.680343011220717e-09,-1.5327716418317565e-09,-4.456921838394638e-08,-1.804304493682558e-08
2026-01-20,-0.29583298090091675,-0.2706753882410738,-0.2537741028205857,-0.23426701772533476,-0.21266964013912557,-0.19012214038865982,-0.16874453151639504,-0.1475044905304743,-0.12670593866510807,-0.10634746207928115,-0.08655966322407532,-0.06792517203626626,-0.050193128048815476,-0.033168020242257505,-0.016702876898470952,-0.0007031820941449876,-1.823040707549846e-06,-7.131276514733681e-08,-1.1632926755581262e-08,-3.187940391273247e-07,-1.2296303219125511e-07
2026-01-21,-0.01875567365749148,-0.017587738983472063,-0.010514967693099779,-0.005065925215909066,-0.0008729014706877192,0.001346699864101347,0.001670150605830253,0.001717103722579404,0.0016179363890573728,0.001313008073335916,0.0006261061300668048,0.00019825391967798268,-3.2058383547714514e-05,-0.00011880483620882206,-0.00010222910044921321,-4.405773005276745e-06,-2.2038200687209278e-08,-1.1139145834910807e-09,-2.0912314352461297e-10,-6.311894356802093e-09,-2.6317692218934137e-09
2026-01-22,0.033622654959412454,0.03806993452564675,0.04395825243211974,0.049157319967408616,0.05310401881465421,0.053481927977273074,0.05215382731437104,0.04885347344646656,0.044205406294139514,0.03885845438044047,0.03283188728379487,0.026446199889808557,0.019952671494129447,0.013409043890818347,0.006848372461393967,0.00029206966052429503,8.09685266712726e-07,3.275380408923057e-08,5.463697816219448e-09,1.5232516079528763e-07,5.9600832801071005e-08
2026-01-23,-0.07629779628798786,-0.07252471251342028,-0.07131946224553645,-0.07723516002620782,-0.08540042478523556,-0.08790077746683961,-0.08511654246530277,-0.07939152190793977,-0.07170385870146628,-0.06309318963315189,-0.05342218867353358,-0.04309691840123826,-0.032564038093849286,-0.02191627536920097,-0.011208475416123433,-0.00047682829669188427,-1.2159207064894229e-06,-4.717021093362951e-08,-7.661891776198652e-09,-2.09451595106248e-07,-8.06289076613039e-08
2026-01-27,0.06054790484030067,0.0608794360023749,0.06474818768748943,0.07355248390315382,0.0818758832058867,0.08361057708775872,0.07661131994346795,0.06881841924463199,0.06055557859592884,0.05227585280115755,0.04318565173890775,0.03341430418968912,0.024431469578671188,0.016018372137961857,0.008012465875034605,0.00033638957475059654,8.590487628482616e-07,3.30836177472003e-08,5.3333415987987975e-09,1.4467406745948037e-07,5.5249511678778966e-08
2026-01-28,-0.012558905775613163,-0.00784847439862218,0.0002510260785962936,0.007339970166458936,0.012997788496741661,0.014661085720525702,0.009442985752552459,0.005741820575504805,0.0032512412335767623,0.0017741201408781639,0.0009844562050908875,0.0007814814964301231,0.0005774160616809287,0.0003803855223234371,0.0001910445717136884,9.458655116420857e-06,6.749160530249502e-08,3.382767417617165e-09,6.424037662760535e-10,1.9692187315476927e-08,8.289863004303962e-09
2026-01-29,-0.15815854725226303,-0.14055083113298647,-0.11064654814280156,-0.0796649422461822,-0.051950424732386945,-0.032720595923405524,-0.02377420325939362,-0.017070257366501113,-0.012016259143591161,-0.006717557772652527,-0.0018737426556169497,0.0005115966163176032,0.001579208031711227,0.0017018575868395747,0.0011419628808425532,5.781663934833535e-05,1.6251998983343938e-07,6.7896232112775536e-09,1.1809992623888926e-09,3.43688413651541e-08,1.3968748189125358e-08
2026-01-30,0.10772567163546447,0.09381656318033042,0.06586609663834724,0.044470380690057924,0.028651789781880137,0.017425949275512206,0.010248704432890061,0.005460005447666421,0.0023429549558423033,0.00022553489135253348,-0.0008555994292886143,-0.0010888754494907432,-0.0010558611873081423,-0.0008363706853714182,-0.00047946547808007975,-2.2492708871043368e-05,-1.0146777372402119e-07,-4.677650488478098e-09,-8.455983522229198e-10,-2.5018843635768713e-08,-1.0254527213065488e-08
2026-02-01,-0.10734604374293082,-0.10587384295479324,-0.10929193363403382,-0.11339179818359203,-0.11689885701829593,-0.11623864587541861,-0.11352794565230104,-0.10681395028081228,-0.0971762391608455,-0.08639509251359902,-0.0742285071470033,-0.06066880173075585,-0.046313917671914145,-0.03142657615606842,-0.016182881279212025,-0.0006955779630452766,-1.8878706745458571e-06,-7.565280647207614e-08,-1.257027916306538e-08,-3.499250355474429e-07,-1.3680510710612495e-07
2026-02-02,-0.026193601129384583,-0.020986286954986572,-0.012419365083278424,-0.0044907858898187965,0.004267267535387931,0.010291992288245894,0.015695399490071045,0.018194385639191003,0.0186398119648417,0.018557316164313727,0.01823280569312531,0.016647947243675333,0.013697402099674459,0.009805134950892778,0.005261784865349121,0.00023470482536926606,7.673158799634972e-07,3.2988960202755434e-08,5.727928993738631e-09,1.6475913744543053e-07,6.615934383898872e-08
2026-02-03,0.557937847512701,0.511445336472617,0.4695289660073567,0.4317344546505047,0.39581814875474564,0.35642396592924447,0.3135889485637434,0.2723619280529622,0.23291091143244536,0.1949509224865829,0.1581981450542708,0.12334975671998584,0.09068950882030755,0.05968762400529686,0.029955307803799947,0.0012547016354821066,3.263211255198818e-06,1.273667568320099e-07,2.072313496064027e-08,5.663936570525293e-07,2.1785843905802988e-07
2026-02-04,0.06906793532084939,0.05916555607014306,0.04939614062493443,0.04107535210985596,0.03565541365720871,0.03168484148596916,0.029444705258122005,0.026746407338089667,0.023713875240075323,0.021629980312777086,0.019398110209701388,0.01645991223355985,0.012910357882993833,0.008934699913551013,0.004677045462690014,0.00020441234520564194,5.335760776654059e-07,2.0447169587993323e-08,3.27749463466701e-09,8.850279749603951e-08,3.366580057444752e-08
2026-02-05,-0.02376722685131452,-0.017229392929068957,-0.008212495800122314,-0.00200827936004692,0.002231275687916781,0.004905416318166166,0.005487301053516272,0.005510366164278638,0.0051972781082953775,0.004116353628552046,0.0027248142187454756,0.0017352012362931745,0.0010408469101351203,0.0005611872020185727,0.00022563237786113512,7.241674170891257e-06,-1.7397328798674386e-08,-1.5141571338431286e-09,-3.4619801996835054e-10,-1.1748595317546764e-08,-5.306388890809059e-09
2026-02-06,-0.016431469484894545,-0.019168104475201363,-0.015548089144748194,-0.013046183197631548,-0.012123673656653136,-0.011331359076074719,-0.011680935489885339,-0.011280618308441162,-0.010374250231655384,-0.008649482597211908,-0.006585288433626067,-0.004823831958720442,-0.0033570591316780243,-0.0021090444356766805,-0.0010118185008567,-4.107113686406396e-05,-7.443214034455243e-08,-2.149904154095451e-09,-2.51263498651885e-10,-4.478787666064614e-09,-8.847925156385629e-10
2026-02-09,0.4491708852328062,0.4134635889743556,0.35929086909243263,0.30650478235271444,0.259562902299866,0.21898463532412052,0.1826047965994258,0.1520937214899695,0.12583113867499318,0.1015373855238919,0.07961741405636892,0.060383287438768016,0.04339611379494894,0.028030624053388624,0.013840918053317684,0.0005739496594402319,1.4257779996273942e-06,5.426283686404591e-08,8.671187990296012e-09,2.3352939712853332e-07,8.864703655972601e-08
2026-02-10,0.04500593777884442,0.04341817089723958,0.038133154053070474,0.033783455757509656,0.02984915204842767,0.027051285518798856,0.023750913473340053,0.020596799109481072,0.01761662816029608,0.01489909518511963,0.01259634827897422,0.010437554212124904,0.008047432089686156,0.0055017642400675085,0.0028497773548593858,0.0001223631407140296,3.1854591282356177e-07,1.2482641997864077e-08,2.043705372834349e-09,5.624387984117497e-08,2.17880701038642e-08
2026-02-11,0.16150550440601752,0.15309589721898315,0.13516181998131915,0.11627230768960743,0.09869034990793535,0.0843412088091765,0.07174734439147798,0.06068056694094061,0.05080649047651311,0.04167762084017991,0.03300004662962506,0.025138497995533526,0.01812411049963127,0.011731998849965009,0.0058029291382303925,0.0002394807494696107,5.757379382413232e-07,2.1385331509300065e-08,3.3420056503920836e-09,8.810147019603064e-08,3.2771499984753265e-08
2026-02-12,-0.01061394143840703,-0.011974699888965039,-0.004140233539015533,-0.0004962733976778339,0.0005977230183499652,0.0008277423547130693,0.0011931573836139314,0.0014678959476701748,0.0015972342913411967,0.0016194424677604463,0.0014364686774639482,0.0008289940160048401,0.00044921578933744793,0.00021664222184914137,7.579869437618927e-05,2.537672865581932e-06,-4.913220902003349e-08,-3.584551273327994e-09,-7.859376507466058e-10,-2.6058224758686464e-08,-1.1596294462492345e-08
2026-02-13,-0.1719563792797362,-0.15420548655865157,-0.13158255497392865,-0.11262497510276231,-0.09716367647028747,-0.0835775555135536,-0.07267495460352066,-0.06259453932763738,-0.05317562768867605,-0.04456357295214765,-0.036248505262192296,-0.028536011034393478,-0.021143767424990374,-0.014001578395878438,-0.007065700421404142,-0.00029773403021683345,-8.388176939017117e-07,-3.4305936211195234e-08,-5.7735884775023265e-09,-1.6221540052193513e-07,-6.391449947145666e-08
2026-02-16,0.023799703014826,0.0231501808809983,0.022099229028707274,0.02379067206892298,0.02603337869429612,0.02603902992441444,0.025307015516546207,0.023786917969720732,0.021639286136094567,0.019839547311426765,0.017516661750279782,0.014409641405878004,0.011050969897490433,0.007520411097990571,0.00388303657729055,0.000166732604741332,4.934096653673124e-07,2.0379755239605357e-08,3.443301884739525e-09,9.691985060440214e-08,3.821814696254409e-08
2026-02-17,0.14738305651056505,0.13171543082115578,0.11011721332174922,0.09198616595684413,0.07734328188776693,0.06481299559154828,0.05527872096421415,0.04682565595028951,0.03921563060534802,0.03198522972721185,0.025662944006135904,0.01966618285396047,0.014253129249494009,0.00927066340204285,0.00460368574105673,0.00019102763292652065,4.835648359189035e-07,1.8683909971996464e-08,3.0208543839011505e-09,8.219204006182692e-08,3.1511431976377405e-08
2026-02-18,0.08638292701819111,0.08197773848658113,0.08018458140353599,0.07598101728379894,0.06937721169209024,0.06231182424349322,0.0543208032733337,0.04686320043627099,0.03988210625974863,0.033101981855784925,0.026902773095623403,0.021155814491242417,0.015663150634959093,0.010369338280471726,0.005229944381592913,0.00022039715652839316,5.500071300923628e-07,2.1070802213844962e-08,3.3875445958499103e-09,9.176543426016381e-08,3.504156622285541e-08
2026-02-19,-0.12321657422002161,-0.11232135332258025,-0.1046771337286209,-0.09848716726864658,-0.09265392973331665,-0.08601694316834954,-0.07918615555032303,-0.07134284746399118,-0.06283558479113129,-0.05446573218256332,-0.04588684135461582,-0.03722146109071297,-0.028239895489618416,-0.019061896232010895,-0.00977467013175105,-0.0004194465444812743,-1.1575879468188192e-06,-4.676238508593728e-08,-7.811022012344238e-09,-2.1832088241054444e-07,-8.565980788210117e-08
2026-02-20,0.10264320406993299,0.09375269672468753,0.08732568439767485,0.07961307630510993,0.07097372524560532,0.06272849672781051,0.05546554668662102,0.04846746457725366,0.0416898666361918,0.035833955700424955,0.030246706100725614,0.024165124231741514,0.018124830666601633,0.012126197731242216,0.006172181219136989,0.0002621570459427129,6.862723159377108e-07,2.6936828442514784e-08,4.406635665052187e-09,1.2108411069445164e-07,4.6812690724769655e-08
2026-02-23,0.0991829195470804,0.08961921474679009,0.0772985084317795,0.06953632001595303,0.06446388917502469,0.05876752459762151,0.05222844874343174,0.04580099784054501,0.039514616395478395,0.03365078319433093,0.027974454163797815,0.02235030192825455,0.01675928807024811,0.011208112100969232,0.005703287419224538,0.00024322218898456134,6.597861959108269e-07,2.6250700920105035e-08,4.329673769451449e-09,1.1967492445649703e-07,4.64829153268797e-08
2026-02-24,0.005392877120860436,0.0036056268885009328,0.003903609995399626,0.004044062160998637,0.00401322814213749,0.003388761387509334,0.0017326888995756592,0.0006542948263714347,-1.047830912724651e-05,-0.0007451390127219276,-0.0025814232130455255,-0.0032682877685884875,-0.0031495551856277368,-0.0024735144740153504,-0.001413426170789438,-6.536608021049586e-05,-2.458126456234851e-07,-1.1451431454098937e-08,-2.085866715182384e-09,-6.20570505331408e-08,-2.5592878455260073e-08
2026-02-25,0.11605696092413129,0.10668845312015236,0.10162003150088147,0.09356306980095429,0.08261934675014786,0.07255014887577492,0.06299195508239988,0.05399275167446031,0.0456052556177422,0.03734259807017375,0.029758106848398136,0.023084353741658455,0.01689359284596944,0.011074010908757244,0.0055362118287763246,0.00023163213278045173,6.134718324053834e-07,2.406031960917364e-08,3.919577618993884e-09,1.070966911321446e-07,4.117308934975489e-08
2026-02-26,0.12344283092723458,0.11376256531100469,0.09849125203175381,0.08461149942619117,0.07298791124664503,0.06287256554301728,0.052732207700984024,0.04394806483126643,0.036290602883944575,0.029163954004964767,0.02261441569245529,0.016893533552453262,0.011969391436362286,0.007628848100093509,0.0037207441340773536,0.00015105541567050085,3.5507352097134173e-07,1.3150231009439077e-08,2.0534878983087294e-09,5.4129009965437864e-08,2.014237681183814e-08
2026-02-27,-0.16435353550774032,-0.1520539968509932,-0.1428065877938238,-0.13268701588315254,-0.12164809774848678,-0.11039480755261905,-0.0990098108577728,-0.08723418071129191,-0.07541078436439104,-0.06383860174261304,-0.05238695544280094,-0.04150821709088446,-0.0309064738944973,-0.020544769993792445,-0.010399848084201252,-0.00044050452769535934,-1.187251340926525e-06,-4.7248910405762034e-08,-7.79526039101071e-09,-2.1550528019368825e-07,-8.37442369172427e-08
2026-03-02,-0.08176637365666663,-0.07320514063751249,-0.06605468352356617,-0.061998768053750014,-0.05982037717548589,-0.05750226206974605,-0.05704431482217628,-0.054178414998349966,-0.04957449021585945,-0.044332713131573734,-0.0393883020957602,-0.033064941764599426,-0.025738931912087856,-0.01772587608970647,-0.009235044114490385,-0.00040004268010263434,-1.0709417023472588e-06,-4.289069020995808e-08,-7.137180157673835e-09,-1.9911868422192087e-07,-7.804037810145625e-08
2026-03-04,-0.17401346805024467,-0.16303026798766096,-0.17027540835385205,-0.1713632305220712,-0.16692313423895866,-0.1580570577105593,-0.14543978494359305,-0.13087500115582734,-0.11511756340227541,-0.09882279418093447,-0.08268137637982859,-0.06624562326397351,-0.04979327977629299,-0.03337869663980108,-0.017012393755186137,-0.0007249949600323357,-1.8957568831139697e-06,-7.462235448379406e-08,-1.2256863081925961e-08,-3.382433742278253e-07,-1.3130388255456506e-07
2026-03-05,0.18432399285175005,0.1668374502688415,0.15866639424698742,0.15012841172422392,0.14135470835951086,0.13019640096640028,0.11666034135716964,0.10267604489547302,0.08867636451283295,0.07576464168998989,0.06367046598044385,0.051309873740490994,0.03871898673049381,0.026020441514411075,0.01329047481323573,0.000566175597757176,1.488323132913798e-06,5.86076570929488e-08,9.608292033010248e-09,2.644265845454589e-07,1.023473499651934e-07
2026-03-06,-0.09416936105948469,-0.08743670960919857,-0.08177055721359228,-0.07804870099183672,-0.07435158402546813,-0.07012281382387825,-0.06494195231513178,-0.05889262593545626,-0.05220978512924594,-0.04512370605663219,-0.03815243234872756,-0.03063956541544512,-0.023079335843302563,-0.015498896345095992,-0.007913110432331226,-0.00033860287325381764,-9.140067312481814e-07,-3.6411691196651926e-08,-6.028319438938412e-09,-1.67394255134078e-07,-6.532074836888692e-08
2026-03-09,-0.22189961738478525,-0.20462397802027052,-0.19095837217337636,-0.17858009234306826,-0.16693232736753622,-0.1554419674306358,-0.14463796660855718,-0.13147973182898068,-0.11665566546214567,-0.10051737300816406,-0.08407195991813339,-0.0677929249666748,-0.0512208431623278,-0.034479714762860936,-0.017638105467577186,-0.0007555682061771776,-1.9961749336993363e-06,-7.876052073235355e-08,-1.2954020715687662e-08,-3.578547938882545e-07,-1.390363967837526e-07
2026-03-10,0.1561823733451996,0.1427630984678465,0.13011972372362052,0.11800987849457865,0.10571102505040819,0.09512278522847649,0.08737678481276939,0.07866834450120275,0.06927401484204072,0.05886267699941541,0.048345430955577695,0.03854180415171107,0.02886251622905453,0.019293285195331956,0.009811463096500566,0.0004179061039085999,1.1201889213934426e-06,4.433454502393209e-08,7.295697305028803e-09,2.0146527203063791e-07,7.823150969898512e-08
2026-03-11,-0.15585027288464254,-0.14022005831611942,-0.13804411751846593,-0.13559317288759562,-0.1294393741320668,-0.1215058634557213,-0.11306877207168506,-0.10282310392360373,-0.09127987054763219,-0.07862282476979729,-0.0655353401810573,-0.052706939647505974,-0.03974130461790477,-0.026706294010546718,-0.013643891467157733,-0.0005815460683750295,-1.5075054587715514e-06,-5.91748255819639e-08,-9.701714839512828e-09,-2.673602666308347e-07,-1.0367146891195939e-07
2026-03-12,-0.061529175752635716,-0.05728914629737279,-0.0608962416949642,-0.06350634570528445,-0.0636507250282822,-0.06281299259936499,-0.060897966630974534,-0.05682899567114621,-0.05133317834871836,-0.04383862855935344,-0.03704853696963124,-0.030451261376572156,-0.023337055519714562,-0.015886756355957356,-0.00819789170791795,-0.0003544946659629388,-9.387418795413141e-07,-3.732600839698447e-08,-6.187255264033538e-09,-1.7220619187482884e-07,-6.738247733764905e-08
2026-03-13,-0.31978750443501075,-0.2983834244300355,-0.279767900218629,-0.25981278292828264,-0.23815775405403372,-0.216456981457435,-0.19391207413182604,-0.1710660762079259,-0.1482338355509024,-0.12564382244976488,-0.1049191252407719,-0.08401792723951225,-0.06311531849391863,-0.042282118576148914,-0.02153874118614639,-0.0009174226834199159,-2.4003947637826797e-06,-9.4359409152379e-08,-1.5460602926636956e-08,-4.2543666157836896e-07,-1.6468869713269948e-07
2026-03-16,0.04418950977126595,0.04234762187554303,0.05100584031651928,0.056645548449438185,0.05883576729621428,0.05871994956664355,0.056977321977793816,0.05338461846487118,0.04844105189403373,0.041833515333694705,0.03490918146477202,0.02838371729837276,0.021587700334503395,0.014614924498799206,0.0075101473407767835,0.0003252630710662492,8.669503902737927e-07,3.450046959904251e-08,5.724734861116678e-09,1.5950451520611905e-07,6.24561730775561e-08
2026-03-17,0.023335870641435795,0.025011917036818845,0.03182788582215839,0.035753255813003273,0.03683512946090007,0.037379411429211605,0.03770231731717734,0.03613086440022528,0.03324147836635164,0.029991659929069023,0.026786832599087644,0.022872122089150272,0.018009087128247357,0.012498790474450761,0.006552766454151895,0.00028445450156364035,7.399138391550904e-07,2.894732344752009e-08,4.722332402756334e-09,1.2944084501923265e-07,4.9932235537689175e-08
2026-03-18,0.08939256484065913,0.07969352514558954,0.07294282262280867,0.06975090899048583,0.06750969144769058,0.06345252232257065,0.05854600004722036,0.052871713489885515,0.04667108596622622,0.03988867708296953,0.03357160854236588,0.027324925093157988,0.02078590094086364,0.014063355292491213,0.007223455870138279,0.0003095339291555009,8.296372703127536e-07,3.315464643997635e-08,5.502833652325763e-09,1.5310536453425594e-07,5.984150458809045e-08
2026-03-19,-0.35895789271231976,-0.32800344011513244,-0.3105078617377347,-0.29146976652609047,-0.2691252494354899,-0.2448990079084211,-0.22083298477090713,-0.1957149068978315,-0.17012672867621115,-0.1444265535300912,-0.11971679708126427,-0.09555963369997518,-0.0715986417002958,-0.04785864878840474,-0.024336635513209578,-0.0010340785444087886,-2.7433553672081493e-06,-1.0881804354297504e-07,-1.79501087910986e-08,-4.967271114983098e-07,-1.9325476447014925e-07
2026-03-20,0.2549324293400798,0.23419628253327512,0.21536073732673885,0.19355548014383608,0.1711443612005381,0.1495391675478661,0.1283109200544657,0.10919166293597286,0.09181818483845522,0.07611106852493175,0.06102566602165622,0.04712090168620951,0.03435861107968737,0.02245039282116432,0.01119812100666736,0.00046735044924673443,1.2127235576323675e-06,4.7461157959471467e-08,7.736042116954219e-09,2.1170062221738841e-07,8.151001352566503e-08
2026-03-23,-0.5362295908899805,-0.48403383754138574,-0.437290210156683,-0.3929057086854317,-0.3510147737126172,-0.31032439566741044,-0.27194340352394425,-0.23583245655099774,-0.20159731484995347,-0.16918427990072993,-0.13800235971863858,-0.10841215644407379,-0.08021141707128349,-0.05307129421054026,-0.026760512473821357,-0.001129920236175822,-2.8946936724004525e-06,-1.1259832597901466e-07,-1.8317187290097526e-08,-5.0125608808131e-07,-1.9313239264301662e-07
2026-03-24,0.06836404259655131,0.06152260828409483,0.07188472539603748,0.08036898387692196,0.0850554511657238,0.08459120288046316,0.08389460729090403,0.07956836016732642,0.07266367144569996,0.06431262356012254,0.055995292902368474,0.04634737512083031,0.03570267282160171,0.024392636429772508,0.01262635136879428,0.0005461979856853014,1.4600377098272555e-06,5.8282038424131986e-08,9.67513754967515e-09,2.694026738637186e-07,1.0541105802823708e-07
2026-03-25,0.3909585400693375,0.3547470746136121,0.32305128543382766,0.29115061452438334,0.259481441885008,0.2290649166697265,0.2005431985126358,0.17376386131356203,0.14843145590542678,0.12427800260392692,0.10175254400531233,0.08025188812190051,0.05956780352177515,0.03951889596932726,0.019971735073589614,0.0008450662124765056,2.1711511483461776e-06,8.457927841779493e-08,1.3769630902465291e-08,3.769737885330897e-07,1.4529095306880694e-07
2026-03-27,-0.21174853333025623,-0.19517595152736658,-0.18603315189725278,-0.17499454311004636,-0.16250599357875903,-0.1490040017026627,-0.13608157701547707,-0.12195370033209559,-0.10700911365265725,-0.09111356185285706,-0.07522345859146742,-0.05979738038077721,-0.04467711783176955,-0.029809147124308082,-0.015135475348907874,-0.0006414592462013448,-1.6904696844505507e-06,-6.687937753361514e-08,-1.1018774122972827e-08,-3.0472663918900766e-07,-1.1848701274171395e-07
2026-03-30,-0.25421779412559986,-0.23514463341526315,-0.21887079161808612,-0.20292180835389892,-0.1855399095335423,-0.1667252706668337,-0.1476522805043842,-0.12915760902879664,-0.11119299518619484,-0.09441295350928144,-0.07810370772977968,-0.062152068923822926,-0.04645544253823797,-0.0309854299360381,-0.01573244359632782,-0.000667780439941551,-1.7695974570837918e-06,-7.010699836571935e-08,-1.1545365067645438e-08,-3.1894039426395947e-07,-1.238914348985511e-07
2026-04-01,0.2184574601892035,0.19732515113515822,0.1760538830110751,0.16129058790720818,0.15057166976923345,0.13848170563704498,0.12666913586103554,0.11383644343586187,0.10020100172418542,0.08490534463279131,0.0700244796259337,0.05564995637256331,0.04158322460019043,0.027758027916312673,0.014099388256450423,0.0005962724101495713,1.4787123632652894e-06,5.6922804259645354e-08,9.226166551142939e-09,2.522401097956536e-07,9.71789601876237e-08
2026-04-02,-0.04311791503718544,-0.04187481286847747,-0.03592198697684144,-0.030528179079141616,-0.026044361850066675,-0.021397464761595514,-0.01917232394710638,-0.016814684347459845,-0.014397623316572732,-0.012271775236849636,-0.010028440784912055,-0.007939619216134852,-0.00589684410543251,-0.003904925981905191,-0.001969259653468173,-8.356266427543049e-05,-1.979299773455824e-07,-7.127780648802759e-09,-1.0764284847047087e-09,-2.7371422299754967e-08,-9.821694483456557e-09
2026-04-06,0.257221057537926,0.22911674763815112,0.20044242794645958,0.17614116732565643,0.15379673410097433,0.1331382326577337,0.1137367178256937,0.09673229866769216,0.08148271463726552,0.0679012189750158,0.05562689537243031,0.04367471431297988,0.03231565856421138,0.02139006142425841,0.01079125318115602,0.0004570275011426019,1.1915436400890366e-06,4.6533773982697386e-08,7.590598834720897e-09,2.0820315029711286e-07,8.039062046622282e-08
2026-04-07,0.03277122679181765,0.03178817508289172,0.03601890777970306,0.03736714259012469,0.03604417295906556,0.034119907663700676,0.03156444708616368,0.02842588432818805,0.024969645116780945,0.021966279949286054,0.018589987398587117,0.014833704355011407,0.011102369798915468,0.007405571358280183,0.0037604101470753467,0.00015873969038111867,4.396268526029209e-07,1.7983800270614463e-08,3.02864083497584e-09,8.514000964135275e-08,3.3576258699964766e-08
2026-04-08,0.48554498261847767,0.4360187189570792,0.400607223977534,0.36970663822649186,0.33881271440002936,0.3079034692302058,0.2786600070065449,0.24797515717051627,0.21643078787081746,0.18447648201323238,0.15384883330385127,0.12341089365614918,0.09285501085841455,0.06229172922879328,0.03177490848273737,0.0013548057742163464,3.5458474709824947e-06,1.3949514635268868e-07,2.289244077400911e-08,6.312184313164881e-07,2.448559400422922e-07
2026-04-09,-0.09319439241449555,-0.08315971922527375,-0.06871704343264351,-0.056832277666704525,-0.04714939797352244,-0.0390370617961631,-0.03239435919922079,-0.026982443721042075,-0.022386212160307402,-0.018018480020533363,-0.015009123333593673,-0.012153209730083993,-0.009218924458363096,-0.006230535792040169,-0.00319787420749755,-0.00013778258760789686,-3.65371878885723e-07,-1.4515005139120056e-08,-2.4079966153145283e-09,-6.712660484042365e-08,-2.630502254307559e-08
2026-04-10,0.10439871900990653,0.09606965283486299,0.08790306439074298,0.08280170122589638,0.07860100484242945,0.07332378275439191,0.07021245171868332,0.0653185872085013,0.058998611117698545,0.051671349151355066,0.04390756817139543,0.035888393290606904,0.027399016080700736,0.018594760420641544,0.009576162593617935,0.0004110211661550208,1.117389837009812e-06,4.467219942676785e-08,7.412734782608564e-09,2.0621090486439581e-07,8.058899678248753e-08
2026-04-13,-0.12640874385077397,-0.11328206148367292,-0.10584021915179921,-0.09631821158114537,-0.08579291418995368,-0.0776291663219456,-0.07080119754751256,-0.06323769768058268,-0.055295057728136164,-0.04619134447918608,-0.037075956862953376,-0.028774741067525512,-0.021085794399056428,-0.013849020648310085,-0.0069368976254108325,-0.0002907923260333564,-7.444187399852018e-07,-2.9165145082260204e-08,-4.777578153056759e-09,-1.3157376466460082e-07,-5.0991646751084665e-08
2026-04-15,0.281868996711603,0.25654286002097987,0.2303433080282942,0.20529689558800598,0.18216708731774708,0.15997214447740085,0.1406499077334366,0.12207744545478623,0.1042848209112036,0.08714325948162821,0.07105547034642996,0.055651523086759976,0.04106334939020559,0.027106312316601943,0.01363660954018693,0.0005746093151606649,1.53231282197811e-06,6.077379133004248e-08,1.0013962243626944e-08,2.7671391976478115e-07,1.0751391255330972e-07
2026-04-16,-0.05590968392425733,-0.0468167971736295,-0.03908501389992773,-0.02984228126945331,-0.0199772984188609,-0.01268517208123517,-0.006734375391179601,-0.0029046721879702054,-0.0005379670421226778,0.0005311499812196381,0.001173414799546101,0.0011872895446154042,0.0010315635811532363,0.0007667577142319045,0.00041863840553406915,1.9095743558087276e-05,5.0488744806539373e-08,2.02717975652534e-09,3.3895588892346076e-10,9.492653523294417e-09,3.733222503284811e-09
2026-04-17,0.06291418194731563,0.05530270989686254,0.05144407118382146,0.04857032326545375,0.04625383613246657,0.04354432760428805,0.04089012742853787,0.03752250395976146,0.033576826058828474,0.02923942191317187,0.024079126965847956,0.018857698504913742,0.013932801636420937,0.009216383849952312,0.004647571315567908,0.00019603695661393975,5.417199957382484e-07,2.195764095535549e-08,3.6835968700672406e-09,1.0340248528893039e-07,4.0716521106639624e-08
2026-04-20,0.06075706395459548,0.05841724218939798,0.05935753016714053,0.057342297277993996,0.0536731374028477,0.049243060215618355,0.04582719500241114,0.04171900025534307,0.037051100619245804,0.032032986577510594,0.02616270633176827,0.02057590868964611,0.01524020967328463,0.01009466718891685,0.0050949168065626774,0.00021463587387263264,5.347583377324882e-07,2.0330875847237097e-08,3.2472354135304793e-09,8.742999530949005e-08,3.317508977392604e-08
2026-04-21,-0.04144418755083156,-0.03592014649462475,-0.022990442356118256,-0.010609453567815041,-0.0008987097130333085,0.005345119748468198,0.00978512818938758,0.012073919591648287,0.012799371103580598,0.01232346009255495,0.011239648038771512,0.009649667145712228,0.007632947132139693,0.005320984203256315,0.002798239824152714,0.00012277938346050833,3.7070289319209444e-07,1.583139604370465e-08,2.756655311005216e-09,7.970895176324347e-08,3.219506233504035e-08
2026-04-22,-0.04769176495921294,-0.04262609286775307,-0.03907561669730508,-0.03509274813312188,-0.031127093635669876,-0.027800762861306914,-0.023965460655539273,-0.020525556055171135,-0.017396895551162174,-0.01400825352102294,-0.011657609665004079,-0.009750499060709747,-0.007565114110366292,-0.005196372213075962,-0.0027014151175303804,-0.00011522807949692291,-3.616272377714762e-07,-1.543391453854543e-08,-2.662764483746394e-09,-7.611095006985759e-08,-3.037024613549396e-08
2026-04-23,0.039678509407364705,0.035662846510891036,0.024329834839949126,0.01596975036169257,0.010528129710011835,0.005640346417247409,3.5590470794460736e-07,-0.0035999237158779772,-0.005621745954345198,-0.006457142914963879,-0.006268291616252019,-0.006080841739258016,-0.005202953444223497,-0.0038307362764574103,-0.0021000026411030098,-9.455968958453418e-05,-2.2281838762847857e-07,-8.504926072855996e-09,-1.3926092717850407e-09,-3.8763807697484744e-08,-1.524875114718626e-08
2026-04-24,-0.18289402015143474,-0.1653527299106148,-0.14388461372941835,-0.12413855442795219,-0.10633483322294308,-0.09045601358692482,-0.07719941516385975,-0.06528196465310518,-0.05452371588243462,-0.0448336731515413,-0.03606301598008409,-0.027874925963427208,-0.02033473313139588,-0.013286681831608749,-0.006626412844108197,-0.0002772089204466455,-8.084465247622179e-07,-3.350659065919005e-08,-5.671969662797413e-09,-1.5979633503052215e-07,-6.306648705464818e-08
2026-04-27,0.3708370503228498,0.34121707552736674,0.3064212841014943,0.2684696994312948,0.23246338032065117,0.19943053298054833,0.16818092761948591,0.14068281943082553,0.1163998038831221,0.09480528055094772,0.07517843140316775,0.05769651079179966,0.04183289541583122,0.027193516602203892,0.01349978658559764,0.0005598056260027295,1.4369712650865124e-06,5.578796140909423e-08,9.024042100970889e-09,2.451298710803868e-07,9.375150081712784e-08
2026-04-28,-0.07704334514412182,-0.0703642965526431,-0.05764918380594504,-0.04864852927762787,-0.041139755518579714,-0.03635750105073051,-0.03377171127755642,-0.03081653538632087,-0.027509057625190708,-0.02370704698000102,-0.01953856892461841,-0.015480024558455156,-0.011550068189883342,-0.007705295478464978,-0.003913024571494943,-0.00016718974338973767,-4.593311423057319e-07,-1.840473606890516e-08,-3.0586210701775307e-09,-8.5182305173455e-08,-3.3330712616330855e-08
2026-04-29,0.1264839431568688,0.11562573867833971,0.10315485395330178,0.0920770970139171,0.0818791527339661,0.07307183646877416,0.0642444980085358,0.05563282082972227,0.04740924290718811,0.039496412080940554,0.03251073691783114,0.025889629213638306,0.019347559418483855,0.01289613384565918,0.006541946399650896,0.0002764189893000173,7.09349596965308e-07,2.7844525039051643e-08,4.5602169309340416e-09,1.2546599973521818e-07,4.859262741556205e-08
2026-04-30,-0.07894554951590685,-0.07270006385024301,-0.06458750761899998,-0.05868605762137671,-0.05364914658436334,-0.048504291763084684,-0.04281397304594523,-0.037555528870177414,-0.032522563300620595,-0.02773861953981413,-0.023522502440604345,-0.01925251521117004,-0.014718141289171191,-0.010001617282430934,-0.005157064980251288,-0.00022297217030183095,-6.14519000668633e-07,-2.4814693911956893e-08,-4.154268400544448e-09,-1.164869652793011e-07,-4.584723290699417e-08
2026-05-04,0.04425749688571739,0.04295907702336868,0.043848735008394576,0.04799149937404518,0.05322590632632194,0.05496373021976097,0.053703454171649734,0.05020710119568132,0.04531541585550092,0.03863892313492667,0.031813853414198366,0.025083454385716953,0.018613722416162864,0.012356091296794016,0.006240897730947482,0.0002643009059138829,6.678543960783261e-07,2.57343234433603e-08,4.164053345246547e-09,1.1353226317895535e-07,4.3611132279646374e-08
2026-05-05,-0.00022207580952330832,-0.0014190921840915773,-0.0023834431737564995,-0.005169592309339719,-0.008286377983333742,-0.010846113578736823,-0.013236896858509168,-0.014161187274483455,-0.013990515202971086,-0.013427574974468032,-0.01217791132234004,-0.009705279773617724,-0.007272209507400829,-0.004864682289142757,-0.0024755858091635346,-0.00010321438102801027,-2.63106224802576e-07,-1.0165494543270692e-08,-1.6401688736985684e-09,-4.449478714170935e-08,-1.69967574363341e-08
2026-05-06,0.15410433973686663,0.1463722853875892,0.14091757488581327,0.13470659907701518,0.12653792340656317,0.11739378154445361,0.10980873512433768,0.10014453025261565,0.08900465655950666,0.07616841990396979,0.06228478127856353,0.04922095504217261,0.03659707721277081,0.024316706662492152,0.012304473969608138,0.0005198459342251985,1.3239142867177735e-06,5.121770328222566e-08,8.290530764141835e-09,2.2582510828701377e-07,8.665591847788437e-08
2026-05-07,-0.11669294949254352,-0.10395264197290283,-0.08757895526801464,-0.07328407183309747,-0.061229090945671555,-0.050407974936262936,-0.04010258189558847,-0.031880928469104716,-0.025240091270787992,-0.01916362251471452,-0.013797892501794737,-0.00928063102201526,-0.005936138308781115,-0.0034258463375587255,-0.001511249453752909,-5.5459258940058006e-05,-1.388252868183065e-07,-5.273066273323746e-09,-8.381450736860552e-10,-2.2404167399080556e-08,-8.438693969519283e-09
2026-05-08,0.13743413203224045,0.10984958752941353,0.0828828291649879,0.06085811706930261,0.04397977355230919,0.030029564929789962,0.021680704247176077,0.015269957361467964,0.010416705825135401,0.006936265013361406,0.003961788928751293,0.0018030738582076392,0.00053201876620083,-9.61971764590262e-05,-0.00024127432958303755,-1.8746861037323516e-05,-8.429107063137973e-08,-4.082265590700045e-09,-7.707144530246341e-10,-2.3641278928372346e-08,-9.9794514969393e-09
2026-05-11,-0.5049386324421762,-0.451784959221243,-0.389789928474817,-0.32886370325497205,-0.2738218050429043,-0.22805386331098382,-0.18936311935521866,-0.15717721914331453,-0.12967516744411958,-0.10664819008244894,-0.08575099427215414,-0.06664240717366708,-0.0488825633079222,-0.03210714295850868,-0.016096112659425395,-0.0006739005897166635,-1.7206748646911702e-06,-6.670092188021377e-08,-1.0810537670217302e-08,-2.9474643113365173e-07,-1.131499345589277e-07
2026-05-12,-0.3025768117303066,-0.2698363977333292,-0.2406884256658913,-0.21506777264500077,-0.19221020576413847,-0.16984257676342945,-0.14937096248095816,-0.1297225111893422,-0.1109169536899672,-0.09235603530255852,-0.07481210000106907,-0.058456997472170515,-0.04305869866947894,-0.028387342633465977,-0.014266858824653018,-0.0006010024484277561,-1.626482807194321e-06,-6.505342174867578e-08,-1.078882889557464e-08,-2.997796867950006e-07,-1.1702468479002621e-07
2026-05-13,0.060592221970890654,0.05725540749004769,0.057021079681036084,0.057140751064258075,0.05771623509682836,0.05543945924786658,0.05486561044969862,0.05194081394886426,0.04732710683362336,0.041628234426968086,0.0353089000735184,0.02805919481835684,0.02094580688534848,0.013957549350885423,0.007076772475883268,0.00029925926001719085,7.157164663259248e-07,2.683775771977738e-08,4.251571410968593e-09,1.138493192385832e-07,4.3039936652912404e-08
2026-05-14,0.22085876903863158,0.2022377902696178,0.18509997924535598,0.16700571767518815,0.14906387932725373,0.1306925997145417,0.11180134214202872,0.09484083920345432,0.07951093987336856,0.06691762873409439,0.055225491811756684,0.04382803991762428,0.03266085122353896,0.021710670976618964,0.010992977830267777,0.0004644183388943167,1.1937190406941532e-06,4.631134307793706e-08,7.49326834183415e-09,2.0375996383665546e-07,7.802037768090064e-08
2026-05-15,-0.02736827226065614,-0.030857057614584987,-0.03508177206944049,-0.036275900493248185,-0.034914424911983204,-0.0323731614153532,-0.029253503936429955,-0.02605509971447026,-0.022772515715056587,-0.019123706578393514,-0.015688788585189805,-0.012592878323377847,-0.00947745355815148,-0.006361013127339787,-0.003244302542513124,-0.00013938369681908665,-3.278394960746145e-07,-1.2088916619168448e-08,-1.8887788581862763e-09,-4.9925941435275234e-08,-1.862386062543891e-08
2026-05-18,0.01189893406353412,0.0070855294188393175,0.0017200057810701243,-0.0028233722900316955,-0.006994073552728784,-0.011053039148093682,-0.013885805319455437,-0.015196546030973222,-0.01530021008676164,-0.01448671232551381,-0.012654487126103335,-0.010666024945078182,-0.008347492004177568,-0.0057841667347874395,-0.003030009365281255,-0.0001310447966923625,-3.4359427707411387e-07,-1.341932341554003e-08,-2.1962380486765e-09,-6.05046122661489e-08,-2.344146321390859e-08
2026-05-19,-0.08990579133410731,-0.07765127900326307,-0.060331532010509684,-0.046863334336228184,-0.03704225630667435,-0.029081381537331145,-0.02307073813755846,-0.01824440514242884,-0.014338829544899241,-0.011252959837023945,-0.008654976860152075,-0.006377529585159992,-0.004462721775589675,-0.00280930249619023,-0.0013562317908383254,-5.640325687952741e-05,-1.293085161348572e-07,-4.490590410822151e-09,-6.581404859153025e-10,-1.6298678658648465e-08,-5.693178531693376e-09
2026-05-20,0.002197950476656652,0.0009265926222611573,-0.0019942689350154505,-0.002432260377408734,-0.0018317447589692528,-0.0011634852456086496,-0.0005973341725982711,-0.00017686441699998683,0.00011432469609699803,0.0004418184693177695,0.0005593487594584647,0.0007313510852292526,0.0007190615580566086,0.0005732466517185805,0.0003319045542530127,1.585199737215415e-05,5.213721377372549e-08,2.3031476738269337e-09,4.080489392362391e-10,1.1930907963890329e-08,4.854499604326934e-09
2026-05-21,-0.02809990449734141,-0.024134526081502766,-0.02337171639405385,-0.02036691279166513,-0.016022096873472284,-0.01236763916985146,-0.009309796604607802,-0.007014836511859853,-0.00527326431377975,-0.004489252184986545,-0.0037679698541688996,-0.003122389685262432,-0.00240254431322415,-0.0016333942096358797,-0.0008445245479984972,-3.5613720148118194e-05,-9.649730610610528e-08,-3.967306779536403e-09,-6.69268203275438e-10,-1.8820384010195788e-08,-7.417836687879641e-09
2026-05-22,-0.08795543709267513,-0.08015081081045022,-0.06651849498184971,-0.051864541509072215,-0.03934907585786256,-0.029448950871996966,-0.020193268675399407,-0.01339050469132847,-0.00851422952436189,-0.00524499278378094,-0.0031764441797069638,-0.0018749646963365802,-0.0009988370459777258,-0.00043929834726074405,-0.0001264650152221036,-1.0469389269642926e-06,9.044566137836242e-09,7.748185769387692e-10,1.927793202188772e-10,7.036751916688862e-09,3.344279389355234e-09
2026-05-25,0.12797108862708562,0.11388812252034097,0.10331211565630073,0.09377890905022163,0.08446332178897112,0.07576381030184974,0.06747902572487992,0.059457766055796835,0.051584476790435645,0.04383577833996917,0.036790033815276825,0.029712980214796483,0.022486716465496142,0.015161556669631315,0.007767757605649035,0.0003323584626310488,8.994611694656883e-07,3.5980564941237175e-08,5.977794650184692e-09,1.6651613299806367e-07,6.515877162858926e-08
2026-05-26,-0.08551880934338765,-0.07552584273272349,-0.06583034009844226,-0.056638117780507945,-0.047693815217215295,-0.03965837192820711,-0.032646080425811165,-0.026871464380450478,-0.02199699256357678,-0.018046688399098818,-0.014530494583642972,-0.011396973289405787,-0.008419434898533813,-0.005559330519064003,-0.002800376953302411,-0.00011845512235762195,-3.3881132034032405e-07,-1.3798417402658907e-08,-2.3097076596319255e-09,-6.454642723812845e-08,-2.529600913257555e-08
2026-05-27,0.07122599511286794,0.06541924213220715,0.06261952360327082,0.059073507480247166,0.05493193642175933,0.05065564280091589,0.04671847903846325,0.04209760421151328,0.037051695975196204,0.032358783590929314,0.027167688121458377,0.02177621050088042,0.016369180110619965,0.010966950073162817,0.005589014771897462,0.0002376387802652904,6.133285566605665e-07,2.3670215998272158e-08,3.814397674054395e-09,1.0337605857249822e-07,3.945833404438478e-08
2026-05-29,-0.2438727091107775,-0.22385089124617433,-0.21123283890636055,-0.195599898361931,-0.17744514859205043,-0.15897664130554712,-0.13944404872110466,-0.12077373581458728,-0.1030315126039747,-0.08666655086209836,-0.07023560850393235,-0.054977744360409316,-0.040544150443725696,-0.02674334544198236,-0.01345011043503932,-0.000565859291313552,-1.49807306250006e-06,-5.900177311825833e-08,-9.661455897550876e-09,-2.6545251823171096e-07,-1.0258892344228706e-07
2026-06-01,-0.15793082704723255,-0.142653540384872,-0.12155005271023038,-0.10353932175773109,-0.0881342934639776,-0.07489781701057589,-0.06437976987737468,-0.0549276179294072,-0.046313362304696196,-0.03924217652698322,-0.03286558268642723,-0.02659341039649394,-0.020129922937263678,-0.013555484715801362,-0.0069383260136580745,-0.0002973876880382972,-8.127478495993859e-07,-3.252290856689544e-08,-5.388329815914365e-09,-1.4954891051850016e-07,-5.833312087562476e-08
2026-06-02,0.07073092930741112,0.06188840611100228,0.05135398899799934,0.04154466015240064,0.034398741279072435,0.0285896159518376,0.024671739520705702,0.021127930184464173,0.017858829460277118,0.013625178090936683,0.009927725004478201,0.007177919125811569,0.0049403872235917095,0.003074178720031928,0.001464160582091739,5.792902199797741e-05,1.401323325272699e-07,5.742281360288821e-09,9.904753297802268e-10,2.864149398365807e-08,1.1599459723866867e-08
2026-06-03,0.0719596900073173,0.06722446344517127,0.05755355671314647,0.048192930319699186,0.03975067447728876,0.03300811911065888,0.027330832020924498,0.02265549603358058,0.0186849288851043,0.01506073824914541,0.01144057181748541,0.008491510489611175,0.005987890108526224,0.0038020097739801715,0.0018496830498504022,7.482538696370086e-05,1.3218386963708584e-07,3.3876758141584853e-09,3.2884240650049626e-10,3.840104310789763e-09,-2.886204272380956e-10
2026-06-04,0.23750111167035087,0.21019681977414814,0.1727034504060744,0.1384868369814955,0.1092434865210542,0.08587825446442124,0.06676347939655701,0.05205715433217679,0.04053534791571279,0.030905163602555203,0.022777803515965384,0.016321326127849797,0.011142161966224485,0.0068691330512578724,0.003249543696732282,0.00012808086329486448,2.853851414015296e-07,9.998135456748193e-09,1.4892395947813837e-09,3.759007679951748e-08,1.3400972958964285e-08
2026-06-05,0.053902418266862116,0.04652229801761435,0.0377270715908732,0.033231486289257386,0.03058346031942233,0.02711826653617325,0.023964158256786414,0.02090479807969278,0.017940852591706226,0.014211510629545175,0.010809788121643547,0.008096357037208124,0.005757928477023573,0.003690609146134608,0.0018076846926840537,7.343586708265472e-05,1.675617119725953e-07,5.924703700348673e-09,8.91649299914963e-10,2.2759476006323973e-08,8.208286051567409e-09
2026-06-08,-0.11506978411338004,-0.10392910135181763,-0.10141221404387087,-0.09658952113560115,-0.08986499734024567,-0.08211942883418154,-0.07410988561645332,-0.06567596417390208,-0.05706376654340518,-0.047870965785806935,-0.0392736950523134,-0.031227435588479034,-0.02332689661413136,-0.015559435776616736,-0.007896055473969888,-0.00033475879932934707,-8.7411270920871e-07,-3.475863390852723e-08,-5.765256358301976e-09,-1.6054309566420031e-07,-6.28441940736913e-08
2026-06-09,-0.0005125510156461152,0.007709877088668208,0.01540903622955785,0.023259233711283623,0.02915189572204029,0.03270195113049135,0.0355915360152082,0.035704381401343056,0.03384149919606026,0.02953557206362943,0.024558006864474805,0.019597442465120594,0.014684667363520977,0.009824858580256415,0.004995776183866304,0.0002125938776489557,5.406704664538877e-07,2.098451674531414e-08,3.4126794022973916e-09,9.341636827341578e-08,3.6018547156932386e-08
2026-06-10,-0.12431081935821592,-0.11284397962905998,-0.09860796086601047,-0.08305332779828102,-0.06899016447314761,-0.05706653657484717,-0.04640672840346527,-0.037618722941184034,-0.0302996054741123,-0.0246174825318919,-0.01952127145663257,-0.015097596542667392,-0.011014982325326234,-0.007193008962819182,-0.0035876944839237806,-0.00014965395373804492,-3.63097862156898e-07,-1.3733491610299048e-08,-2.181223657520653e-09,-5.8392537460508864e-08,-2.2044908048675903e-08
2026-06-11,-0.011487188613979564,-0.01017336706038558,-0.01069254234939864,-0.011853252849261425,-0.013618825887876858,-0.013859223578634223,-0.013755564288936314,-0.013048908831291455,-0.011915105391089312,-0.0103981595501409,-0.008902227589721295,-0.006938116279382799,-0.005105901907783689,-0.003368916013727877,-0.0016930966636880035,-7.135357607084721e-05,-1.7917464059656205e-07,-7.11696335410902e-09,-1.1870871156125595e-09,-3.330577809102513e-08,-1.313770345052124e-08
2026-06-12,0.3173611596870426,0.2830561524395314,0.25650075971613373,0.23074696847037743,0.20473531553611948,0.18003398137311763,0.15738306363375842,0.13626572676974494,0.11636896226956037,0.09784322734170299,0.08101799540082441,0.06425169544099392,0.04790636151284052,0.03189946228237973,0.01617191027148334,0.0006854754629519795,1.7725722776316953e-06,6.937652966161293e-08,1.1342403406165628e-08,3.117655392757766e-07,1.20611976949805e-07
2026-06-15,0.14647294150120155,0.12872337239308848,0.11391033507081869,0.09887718502719617,0.08394742051062921,0.0724112148772549,0.06257234875462021,0.05366648600522375,0.04550743172163909,0.03753019558000118,0.031089106164799256,0.02507165030398266,0.01894309991452061,0.012751641092868315,0.006523201594804622,0.00028064139107057375,7.442712679964851e-07,2.9532486817419132e-08,4.880883265687571e-09,1.3542638406594265e-07,5.282682062196172e-08
2026-06-16,0.09534111868161269,0.08443386678987644,0.071462987580947,0.06008276887045231,0.05042562022462731,0.041122055602734665,0.032622715966655134,0.025808891451207037,0.020299797705085276,0.016655277289211894,0.013532363706154153,0.01053682042937873,0.0077280643369379565,0.005065588361742887,0.0025352531236111555,0.00010512559392677635,3.076390334667527e-07,1.292401023953261e-08,2.2086170867753545e-09,6.270272071703412e-08,2.491221765888354e-08
2026-06-17,0.11398509791417268,0.10392843817441981,0.09340122940635334,0.08109054259929638,0.06941029031122165,0.05876949817583167,0.048372573172280435,0.03973533676072698,0.032430846637014406,0.026239460982480953,0.02084839574098073,0.015915215887062302,0.011494362819589392,0.0074498389304363255,0.0036903308989263335,0.00015259256206556424,3.8303202488803336e-07,1.4643424935804482e-08,2.3431827696534687e-09,6.305936387538117e-08,2.3879550098982154e-08
2026-06-18,0.10422410281213844,0.09767812814137053,0.08729994413958929,0.0778042226912318,0.06917031783055284,0.06021419683784399,0.05137058909108278,0.043584897152718995,0.03659253549773837,0.03054928007257373,0.024490337909485467,0.018890001766259407,0.013763761051297218,0.008987946605900955,0.0044815941616577,0.00018706203263471122,4.699183776055373e-07,1.786006189640917e-08,2.843915268921967e-09,7.627525128338846e-08,2.8843999571965287e-08
2026-06-19,0.04302361004058219,0.03649132141844913,0.029313524367520372,0.02253163282036138,0.01641016665611084,0.011171291647459981,0.00609635743950833,0.00264352555091681,0.0004139880217363497,2.238419539349332e-05,0.00013526791403816347,-0.00017177580430907964,-0.0003019351010366335,-0.0003050327665402649,-0.00019672118882514935,-1.0421826917921723e-05,-5.866072681244135e-08,-3.3946782754863818e-09,-7.041956874875941e-10,-2.2936382548590047e-08,-1.01163534527443e-08
2026-06-22,0.012458570545060634,0.014572976309287802,0.01574178146055168,0.015416017351754616,0.013949848853287376,0.012429319867135408,0.008814906001921483,0.0060677817427790305,0.004066756946410773,0.002794024113014209,0.0018219049677429702,0.0010692331791398,0.0005670893644940287,0.0002486399401469026,7.104999269899071e-05,1.2693339420275946e-06,1.7570705035642115e-08,9.74578609617008e-10,1.8279704328025092e-10,5.372492970152263e-09,2.1711669621799553e-09
2026-06-23,-0.14825965443210745,-0.13604120808493625,-0.1291394028467944,-0.12053941826232145,-0.1117001098788102,-0.10130634351624361,-0.08955971900585659,-0.07821252237576705,-0.06723648843203596,-0.056576220670841816,-0.046076485722159936,-0.036104284430847636,-0.02665698603262858,-0.01760903425508612,-0.008866137386570355,-0.00037304466253444837,-9.72541727968318e-07,-3.846087504265339e-08,-6.344135395799132e-09,-1.7571529484281254e-07,-6.842706826802203e-08
2026-06-24,0.03131281476890815,0.028082695322420487,0.018847324413858665,0.013182866404580633,0.010426231023821992,0.007235506015975616,0.003916442053715525,0.001733689105291411,0.0003470133538493879,-0.0012223063497607538,-0.0020833524884486905,-0.0022969577274824368,-0.002094569996918749,-0.0015968226620595197,-0.0008971036318245495,-3.987805482734584e-05,-8.342689148500389e-08,-2.9814637077017378e-09,-4.5827236873091823e-10,-1.2008575484037144e-08,-4.470555722410238e-09
2026-06-25,-0.01625601625985622,-0.014336348827187402,-0.009077622690761226,-0.005211743275455139,-0.003266919708322536,0.00029027158470543293,0.003912311329481715,0.006017054416018486,0.007018178378394037,0.006016178409842584,0.005157390505559036,0.005002624644444668,0.004285694878969526,0.0031681765039872664,0.0017383791542462637,7.870499441824714e-05,2.3760727795036783e-07,1.0275960005513653e-08,1.815131727731551e-09,5.3197107424462835e-08,2.1730831995046022e-08
2026-06-29,-0.08285282821619488,-0.07665857693825741,-0.06464258074508412,-0.05639140952143183,-0.05015844781302621,-0.045447719737304146,-0.04087855953054155,-0.036177369419012936,-0.031450288220382684,-0.026336092046983475,-0.02181326186811129,-0.017706747908865245,-0.013439667371738049,-0.009076782711578399,-0.004654748801628219,-0.00019971052354425458,-5.052265410899812e-07,-1.9679054675350007e-08,-3.212986972000864e-09,-8.831340357837129e-08,-3.419297204039955e-08
2026-06-30,0.14788154744671111,0.12779358378926484,0.10995445640891575,0.09368932451536216,0.07982768544216284,0.06986909750676588,0.061472715018260675,0.053354478780146916,0.04561849053550427,0.03809732454675442,0.030377080246085722,0.023141763248512894,0.016697240772588814,0.01082093231549681,0.005359504818737852,0.00022115161769493635,4.7085976154585403e-07,1.6060588886084063e-08,2.3429237482367177e-09,5.805804581440084e-08,2.032583636279367e-08
2026-07-01,0.04291087692483201,0.039556475051917915,0.031742529786838794,0.02844798168098968,0.027417290695232223,0.02669384336319573,0.028563808039566724,0.028522237338869046,0.027010354941650577,0.02453793505130055,0.02086836378036192,0.017163211941173942,0.013165864008311436,0.008965916172354054,0.004632198488313963,0.0002004588182226753,5.193205471707928e-07,2.0413177897452156e-08,3.353968066930251e-09,9.266823823496717e-08,3.604032370523039e-08
2026-07-02,0.19360724485647451,0.17568386727985325,0.15502455455915828,0.13548995663917024,0.11824044731842222,0.10174646878780486,0.08652985243842956,0.0730936575042194,0.06107775260266751,0.049769537012739035,0.0390097509501133,0.02972812916713687,0.021437523101558723,0.01387828174559523,0.006865532053802238,0.00028454500863628335,7.719187646225887e-07,3.09250761211581e-08,5.1284334379000604e-09,1.423527998129118e-07,5.5491646819260376e-08
2026-07-03,0.033919382891303654,0.032797323571299955,0.03730997639918334,0.03677557399822446,0.03340002540759137,0.0294780142325811,0.025047907875894993,0.02091358192285839,0.017181335815586687,0.013964722141690995,0.010791141639467369,0.007817213857008348,0.005370173608192693,0.0033170006881830007,0.0015700526300775224,6.380421960429645e-05,2.3089191978456908e-07,1.0174565117185404e-08,1.7692658227951389e-09,5.0557919834321946e-08,2.0134238931758844e-08
2026-07-06,0.08027107561112791,0.07345989052265596,0.06662267477622205,0.05854509234165411,0.05006773751881605,0.042818863011714066,0.036905399715380115,0.03149870077384495,0.026531818164936827,0.0219708494100207,0.01790390015862665,0.014303048789073325,0.010713574932980419,0.007152992366636426,0.003633923971096385,0.00015309816952249067,3.799680493782934e-07,1.4503580733902317e-08,2.319876714957113e-09,6.248774675368567e-08,2.3728133939501948e-08
2026-07-07,0.12073896291772686,0.10361027252449038,0.08822485847368207,0.07208748443274696,0.056480454342467866,0.044308484590810646,0.033828571632595686,0.02593423722944732,0.01989576452239872,0.014728940504529558,0.010145019104964122,0.006754196047071106,0.004282717556926444,0.002452654321755035,0.0010754865498906069,3.941910165883233e-05,7.895479321328084e-08,2.619923959543631e-09,3.75052288070789e-10,9.135945574602934e-09,3.1308284053339802e-09
2026-07-08,-0.11747198302913182,-0.10906600889090864,-0.10855996116435718,-0.10769581923229972,-0.10470757837541433,-0.10056908112457046,-0.09661597884682399,-0.08973399941105206,-0.08081535760767525,-0.07120958164264074,-0.06097436946082629,-0.049897988922327496,-0.03811492729905152,-0.025866888538078392,-0.013321367582745762,-0.000572421672766466,-1.5711046758811616e-06,-6.344846682405867e-08,-1.0600625032069605e-08,-2.964007745479439e-07,-1.1634973798665179e-07
2026-07-09,0.09029562527884358,0.08497809385659554,0.07536354246642557,0.06504346076196622,0.05537588816185885,0.04571816646685118,0.036533569325117504,0.029043418834027494,0.0228989280564854,0.01770233341991471,0.013410458577341616,0.009715991683203544,0.006677084314366761,0.004127699974041147,0.0019554692593358857,7.905053285274321e-05,1.7159545241731007e-07,5.814577202685479e-09,8.330398549921545e-10,2.010178759810356e-08,6.835510612699281e-09
2026-07-10,0.08123704558431184,0.07557973664813414,0.075485913798127,0.07546494614668176,0.07404761704946551,0.07065528235722497,0.0652124877425929,0.058896436213818966,0.052001662114718857,0.0444009468135171,0.036831452141237744,0.029409798244230765,0.022053450693915642,0.014759971715148689,0.007513253602929537,0.00032006161087558293,8.52923795150215e-07,3.390331670611549e-08,5.609616755641484e-09,1.5574440242569906e-07,6.077256998126566e-08
2026-07-13,0.03889485696809316,0.03394790933985693,0.024223942219620147,0.015434472023396173,0.007940252708159094,0.0020032598242126637,-0.003329762987480216,-0.006439688709668378,-0.00794335136838528,-0.007736781489880458,-0.006972426274310254,-0.005691378419461277,-0.004345770394348314,-0.002955281105951681,-0.0015226964175181893,-6.636678333455371e-05,-1.2427817093207887e-07,-3.856595129731473e-09,-5.202468329747789e-10,-1.1976061909134239e-08,-3.870399400484402e-09
2026-07-14,0.0349365850340978,0.03423752995507721,0.03194491586678822,0.030151798687633964,0.02822363575499614,0.02468240158483604,0.01982937683348736,0.015651963559353315,0.012160458547620231,0.009115386220306478,0.005947466575681371,0.0033338572818121114,0.0016409431997072433,0.0006232869888614859,0.0001135032002251562,-3.176927756801817e-06,-5.73099803917945e-08,-3.4967262475813684e-09,-7.398642886242583e-10,-2.443563899959631e-08,-1.0876113980816251e-08
2026-07-15,0.09574573610830217,0.08785348846612305,0.07318644581680202,0.05970116408786946,0.04823238931172742,0.038923613418441236,0.03221135217981362,0.026585971376771437,0.02177383028991236,0.016666782472682686,0.011581418076544711,0.007732890559663792,0.004907396559917697,0.002809832039247553,0.0012279164184001716,4.755000014570299e-05,9.53931566711147e-08,2.9266274455905478e-09,3.7636560439785246e-10,7.982290316821073e-09,2.29001198354911e-09
2026-07-16,0.08001055513235283,0.07154127328734601,0.06391490285160227,0.05522200643101614,0.04654352788616042,0.0395929822043586,0.03390795967719214,0.0288083573881107,0.024198838044556414,0.019649101267346265,0.015401880688289899,0.011823168093617801,0.008582143102563116,0.005589250816113005,0.0027798758214911076,0.00011515531183229695,2.926769895402079e-07,1.1355392345440193e-08,1.8435884483205673e-09,5.035926674064237e-08,1.937185192103787e-08
2026-07-17,-0.0033865360082409907,-0.003112139110284766,0.004064468161874499,0.0107527855032104,0.01556423064343282,0.01825466372419123,0.019475828306426152,0.019471064249087868,0.01850640401839784,0.01651920990247112,0.014356679106388806,0.012117260629143811,0.009480382376519,0.006562523970890582,0.003433207266924073,0.00014854909463050308,4.367405896368229e-07,1.8368142898145597e-08,3.1664971523014817e-09,9.086973430354538e-08,3.645681266804212e-08
2026-07-20,0.11920956848888743,0.11081983100949569,0.10259574878526544,0.0870777573977268,0.07147630293977153,0.056882688335206,0.043485987965793706,0.03307507891819244,0.024949470669046587,0.01947469903630456,0.015270876217972781,0.011440068428682594,0.008103160400065769,0.005147133049190807,0.00250327460992893,0.0001032685654044225,3.116606459907942e-07,1.2699018573114467e-08,2.1088537741476667e-09,5.8297141933362874e-08,2.2579691252208975e-08
2026-07-21,0.034463376138581324,0.028791377590924348,0.028206165215656526,0.02695639745789742,0.024821903372743908,0.02252920704472505,0.020110128691895893,0.01760489973785257,0.01511975118866226,0.012848213948731414,0.010688071637517853,0.00866197696587866,0.006561992207572469,0.004421048723474896,0.0022633085233487536,9.784361086918283e-05,2.3782522182761652e-07,8.839506497019865e-09,1.3856007202009778e-09,3.671018792217401e-08,1.3730813646280926e-08
2026-07-22,-0.03646152508450665,-0.035761777245857704,-0.0343299755840027,-0.034524934489275884,-0.03490433610628214,-0.03399769250329128,-0.03168947390828118,-0.028854063732685863,-0.025646670870212995,-0.021823888450586193,-0.018060644881469117,-0.014421150885092304,-0.010816102041640808,-0.00724187758514181,-0.003687584712626993,-0.0001579619990368918,-4.409069757151861e-07,-1.7913554205633845e-08,-3.004921349422331e-09,-8.42735201083065e-08,-3.315618799404871e-08
2026-07-23,-0.0617166030196697,-0.058286902647198706,-0.060851009962454204,-0.06325831544733515,-0.06435734955169956,-0.06292349511107606,-0.05978787015313588,-0.055099907404805845,-0.04934907471529858,-0.04301137730499282,-0.035899097833312875,-0.02825716235076145,-0.02094573854045317,-0.013884025177395532,-0.007010522968013856,-0.0002949607809136853,-7.494234612269989e-07,-2.9039029167177072e-08,-4.708952090445759e-09,-1.2848066094534778e-07,-4.9358703782928495e-08
2026-07-24,-0.06433058464773098,-0.058902611432618414,-0.06055147274497862,-0.05901907770563591,-0.05526778925373436,-0.0499692759072185,-0.04457038991810233,-0.03907657986619674,-0.03361811742622185,-0.028638775474456035,-0.02382779299484189,-0.019236265899171878,-0.014527575371626295,-0.009762413805522997,-0.004987230692096798,-0.00021235305003265053,-5.409168614007236e-07,-2.0917789494243246e-08,-3.3826310004439018e-09,-9.202538204363645e-08,-3.52622914815551e-08
2026-07-27,0.2204241355142283,0.2012839829168271,0.18540235212943082,0.16628529998370062,0.1457046694613649,0.12697728084606186,0.11171558659230378,0.09701183691772967,0.08290239350732535,0.06932483650105171,0.056154241602242166,0.04399541233801279,0.032468145333616215,0.021430873817269585,0.010782548879934075,0.00045262365943099606,1.1682350745021252e-06,4.5646643958137644e-08,7.438884861272872e-09,2.0367029526689204e-07,7.849538991281879e-08
2026-07-28,0.13547669108658067,0.11785585928014357,0.09800781221001649,0.08003969392895305,0.06458853033235752,0.051948052877362164,0.042309715641979155,0.03442303365873534,0.027841388105463664,0.021330648677062015,0.016026738875937765,0.011829806006215495,0.00829770923092743,0.005247244971518255,0.002539864649114254,0.00010359217005641407,2.2004752434792287e-07,7.578627990253261e-09,1.1159955379095587e-09,2.7894543506952226e-08,9.84918847822863e-09
2026-07-29,0.1507590272678326,0.142695152278434,0.13732141122523464,0.12621656831908992,0.11070997663908491,0.09680489259833185,0.08435391047736453,0.07266151460939638,0.06169080723537713,0.05178932421915378,0.04281467948154171,0.03349283055908683,0.02467672203008812,0.01625866345336054,0.008166116630081965,0.00034229278002535925,9.011225077929119e-07,3.583761367058246e-08,5.9145987334965695e-09,1.6356172964871973e-07,6.359405046869033e-08
2026-07-30,0.06914663121122415,0.0643965776380208,0.05434232509386981,0.04142835768885222,0.028018207441347247,0.01936053799932104,0.01365991252221041,0.00956006024470285,0.006619864159892944,0.004728650570662135,0.0035729525644494975,0.0029241723081861962,0.00222980661388055,0.0015061578256094746,0.0007744351073090661,3.1828634297870515e-05,9.609388133567055e-08,4.045445770851259e-09,6.8384922863102e-10,1.912121813223743e-08,7.487925472034102e-09
2026-07-31,0.09244907381146322,0.0863296249876507,0.09903054392990762,0.10472961039430466,0.10432662888653303,0.09889724805338675,0.08947923025237386,0.0793128695522116,0.06887033318056333,0.05837185680849661,0.04780911946478402,0.03803065348252982,0.028406907257030666,0.01893595548063613,0.009606908940481806,0.00040630525508347955,1.004038499769907e-06,3.816182892709156e-08,6.098323295898926e-09,1.643705977475148e-07,6.246817076284605e-08
