Date,alpha_0.00,alpha_0.05,alpha_0.10,alpha_0.15,alpha_0.20,alpha_0.25,alpha_0.30,alpha_0.35,alpha_0.40,alpha_0.45,alpha_0.50,alpha_0.55,alpha_0.60,alpha_0.65,alpha_0.70,alpha_0.75,alpha_0.80,alpha_0.85,alpha_0.90,alpha_0.95,alpha_1.00
2025-08-04,0.16127944650864423,0.1496883918231273,0.14595425545328458,0.14058034955480947,0.13374902655217966,0.12389693927683734,0.11174777474229142,0.09894591404737019,0.0858969120786856,0.07280553154192171,0.05985773885577071,0.04725984026067316,0.03509665198403888,0.023288241643409372,0.011768791763335368,0.0004967018192011882,1.2537465205438478e-06,4.852081010745917e-08,7.863754870612159e-09,2.144863943252181e-07,8.239025807837037e-08
2025-08-05,0.08183473821193565,0.07070186827889294,0.05913048152336213,0.04642878226512621,0.03395965394782193,0.025438970196493573,0.019150275056249413,0.014546445212645915,0.011105414778168876,0.008853395441038305,0.007228366772955338,0.005716579162557727,0.004261726840965194,0.002838608054943343,0.0014427851203376637,6.135008130206275e-05,1.1726839966980399e-07,3.736068047833682e-09,5.135875381317422e-10,1.2011969242894232e-08,3.9492676256992265e-09
2025-08-06,-0.17669563770893648,-0.16422370363084066,-0.15082542823260894,-0.13464964267464713,-0.11688793856128635,-0.10004747844444077,-0.08175878983822965,-0.0663920317455796,-0.05348564671490008,-0.04240204827397647,-0.032770369096386205,-0.0243537953852292,-0.01716242607594568,-0.01087842415082085,-0.005277357303711875,-0.0002148736975058002,-5.588537690047595e-07,-2.173689376637721e-08,-3.5101783916807946e-09,-9.504566347530875e-08,-3.622824667443741e-08
2025-08-07,0.0026464630257807043,0.003047935782201327,0.007445585119886693,0.009149397902069171,0.008461056036027453,0.008301228592132528,0.008909337366498122,0.008896786635104096,0.008421323393291566,0.0072235919229888665,0.005898955176109303,0.004526129932459865,0.003290086557164406,0.002150372802034897,0.0010717194628241725,4.504805454642127e-05,1.1921862215250691e-07,4.676152483310786e-09,7.639714355538876e-10,2.0952917040059096e-08,8.08170052268072e-09
2025-08-08,-0.037292137435493006,-0.03985109221764629,-0.043978793743524355,-0.0484826664424675,-0.051209321351264825,-0.05094293725894396,-0.049191373196439105,-0.04568319895797447,-0.04104353079542907,-0.03578677920990943,-0.030525557984371586,-0.024985394842349174,-0.019064067476187028,-0.012913819158204578,-0.0066380061092752045,-0.00028432119634498024,-8.230492058256735e-07,-3.4705848026923754e-08,-5.965221916813511e-09,-1.7031377706874923e-07,-6.802904434606702e-08
2025-08-11,0.1641232153214306,0.15260975288630382,0.1339898441414763,0.11778396842669255,0.10344025896934911,0.08998656915550633,0.07721302024645581,0.06581247891593288,0.05547062002920926,0.04582067186313381,0.03714607569080134,0.029099556195007856,0.02147802900412953,0.014182326261204449,0.007137760748101884,0.0003015383293543401,7.955367425394617e-07,3.142773970136287e-08,5.163310103662002e-09,1.4232842081889427e-07,5.5182996798352214e-08
2025-08-12,0.04224464383911525,0.037819015310908075,0.02572522698986555,0.015498332851491804,0.007815476101101925,0.003874816644391608,0.0020921984254592247,0.0008891701311703405,0.00012598861683538401,3.4014733364946146e-05,0.0003033918131793427,0.0006753253130357047,0.0007594425854924321,0.0006399884473988784,0.000383067552434951,1.8539803337836905e-05,3.9468490266475206e-08,1.3289072569178985e-09,1.855384061361366e-10,4.305044362614019e-09,1.3900011122051046e-09
2025-08-13,0.06714765203709339,0.06416263259527154,0.061183257355209124,0.05547543352549249,0.048155758002138144,0.04119267471422956,0.035322044785129326,0.02994940930107699,0.02504166769980608,0.02062929716717711,0.016673237106829598,0.013136008293977514,0.009723669249689839,0.006425623637949463,0.003235278636111053,0.00013537517854242805,3.7220825142639176e-07,1.4892355800329113e-08,2.452562608509064e-09,6.748460671181266e-08,2.6089279900310574e-08
2025-08-14,0.07463770999895852,0.0652130836582447,0.04881708553259422,0.03431258218528846,0.021815194643007903,0.013183585791686953,0.008601781435749134,0.005468400216124205,0.003324193883709135,0.001882020263271329,0.0007689320637938353,2.136910151007761e-05,-0.0003319366179616256,-0.0004101465472543365,-0.0002873815243479833,-1.563124524484484e-05,-4.502042253041476e-08,-1.927607317407905e-09,-3.4250707923169387e-10,-1.0140513680466295e-08,-4.174183158028357e-09
2025-08-18,0.11717630583413023,0.10491457840060199,0.11225476673954361,0.11536944330560839,0.11370717591320285,0.11238428683778105,0.11179598623047926,0.10617341514036166,0.09709846364932719,0.08475789053790099,0.070298393507373,0.05622161333639199,0.042208784415487324,0.028272221316071884,0.014402230870436915,0.0006143376703278151,1.5946975145625684e-06,6.250299439758427e-08,1.0235215588878091e-08,2.8178320955498225e-07,1.0916317371709848e-07
2025-08-19,-0.015748287961877036,-0.015108787892129,-0.015237580862071333,-0.011809232524566643,-0.005892994968425934,-0.0011202329180289802,0.0021776046858107898,0.004116515933181283,0.005080989188829459,0.005357066092518743,0.0048397591387977605,0.003937869639585424,0.0030029665304858472,0.0020395759979054697,0.0010518481575726658,4.582106121632687e-05,1.3047661211096315e-07,5.64010375616071e-09,1.0016779778112107e-09,2.9567193617705634e-08,1.2167406937434882e-08
2025-08-20,0.025678849237147507,0.022440504509177936,0.01899173444524191,0.01557641009377165,0.01289178250292896,0.010739976551491972,0.008534971021867134,0.006810739971582251,0.0054307210868161015,0.0051925254135937425,0.0047833476143988385,0.004296791788686708,0.0034981485008999005,0.0024803674723446758,0.0013251804443298262,5.8356235743174935e-05,1.8306999107213862e-07,8.125629694613888e-09,1.4460272420426778e-09,4.239143457442536e-08,1.728702219676478e-08
2025-08-21,0.05195558093141537,0.046014424975694926,0.038955289029561704,0.03158780742207184,0.024473249364382405,0.01887211081397585,0.014349876104321273,0.01085443153824029,0.008156104566846527,0.005741845943854469,0.003998304543893948,0.0025833307298212967,0.0015763247679385613,0.0008614821555659307,0.0003555925215237823,1.2066963513996357e-05,3.5634565471839404e-08,1.4262394676652823e-09,2.2830401362849264e-10,6.033214775570665e-09,2.2275332283780665e-09
2025-08-22,0.032036711314360006,0.02785091023513863,0.017641952273226336,0.007967812831306395,-0.0004928782959733389,-0.00596184647615,-0.011114285936419855,-0.013907746860617262,-0.01487791119222469,-0.014553198139972022,-0.013152267361700824,-0.010953095603271153,-0.008489497572724453,-0.005835334766065607,-0.0030358483133466475,-0.0001331936403846648,-3.9816602435897246e-07,-1.6812272993567165e-08,-2.902990638773197e-09,-8.338897390591215e-08,-3.348269305588193e-08
2025-08-25,0.1271946147867069,0.11607913158087571,0.10414212058621593,0.09129709090225262,0.07851823914594803,0.06718520387037731,0.056291621002663716,0.046876409312492893,0.03867804235376122,0.03123610672368466,0.024422025195209664,0.018389314715784057,0.013123342690663693,0.008418903587274566,0.0041304887686638226,0.000169658569226185,4.484177873387505e-07,1.7753324351906807e-08,2.9164565758030317e-09,8.028721543818417e-08,3.1076094145979574e-08
2025-08-26,-0.27582874549303116,-0.2528557392391602,-0.2332321064123501,-0.21280671163267859,-0.19154327853921238,-0.16838483144130093,-0.14384399626864958,-0.12194145850631719,-0.10220519568929023,-0.08443499296979334,-0.06817316680074544,-0.05315015538243531,-0.03906519072328691,-0.025697038313614504,-0.012891958170066223,-0.000539501976434993,-1.4078164781554127e-06,-5.51964956381237e-08,-9.009567651358895e-09,-2.4690991353388464e-07,-9.525922424672181e-08
2025-08-28,-0.000642729095869932,-0.005048327020563959,-0.010719168162710773,-0.014045189346818494,-0.015590181941776702,-0.01586933838236319,-0.014774862871542404,-0.013341735073438636,-0.011729342120169293,-0.010472420734631411,-0.008971434264548883,-0.007444296877808141,-0.0057327707205526175,-0.003905936378693916,-0.002018383542841526,-8.725207038075683e-05,-3.008786571967268e-07,-1.3249705365680885e-08,-2.326446797650593e-09,-6.730959959427869e-08,-2.713857267224645e-08
2025-08-29,0.006128050248797208,0.006656199630005625,0.005540953001534765,0.003585770282149201,0.001754057288388071,0.0005850463178086365,0.001067054907222839,0.0012839649356115297,0.0013094328494008755,0.001057588394133389,0.0009528306216367746,0.0002928890547396781,-5.487823404644912e-05,-0.0001820348679531047,-0.00015612141220787653,-7.901642918430507e-06,-2.995673985759461e-08,-1.5548988553039883e-09,-3.0377014626125067e-10,-9.499222009785653e-09,-4.05966104940774e-09
2025-09-01,-0.09170453541939319,-0.08258909987271199,-0.06505370253895233,-0.04708600758013161,-0.031045217489394893,-0.018841461508914633,-0.007989855233888066,-0.0008108677424883188,0.0035918407539826253,0.006419518907105466,0.007782809919613172,0.008285093327861905,0.007436078290421121,0.0056312860277703426,0.003146458497026512,0.0001447335720606242,4.5386899383354376e-07,1.949463890508022e-08,3.3993198025321903e-09,9.832298636917807e-08,3.96908587812129e-08
2025-09-02,0.011925597537798156,0.011975982223027799,0.015289853618070705,0.016489643867788523,0.016457085300233435,0.015576972656000667,0.012907530978047439,0.010593947734131507,0.008617435584761229,0.0072149433465071725,0.005387170544324629,0.003495389867745983,0.0021464180075158306,0.001181682290844669,0.0004933888980519701,1.644360375018525e-05,3.5222009700738336e-08,1.1468409407901175e-09,1.5610127409024484e-10,3.505745918936583e-09,1.0748321092024351e-09
2025-09-03,0.20114781125808567,0.18587930471042316,0.17748007321810555,0.16332675564457522,0.14654914272103917,0.13018105602558147,0.11381861486251044,0.09845621065362911,0.0839648302020084,0.06934489973259687,0.0554561136668558,0.04291625362514121,0.031366849043494884,0.02055108976542126,0.010273157918803268,0.00042874100686174095,1.055270335551241e-06,4.002390731383605e-08,6.386867716464397e-09,1.7192953600810112e-07,6.526232692667407e-08
2025-09-04,-0.013314713965177626,-0.013217012229856257,-0.0012126100249288325,0.005916855607128784,0.009023241553081665,0.009124505687041744,0.00789659731079775,0.006717781933008745,0.005606222388980336,0.004024035609359007,0.003116323211600414,0.0033318701250813747,0.0029832700493773504,0.002252313535076975,0.001254705755189737,5.627234626976978e-05,1.0901355440453191e-07,3.6796549122990054e-09,5.482561608597105e-10,1.4117603728266224e-08,5.1816225708660025e-09
2025-09-05,-0.08084956010087911,-0.07340023922652823,-0.060942016345061835,-0.04989225077108571,-0.04086212284806496,-0.03235391855812381,-0.02399374781046668,-0.017731856012048266,-0.013024205575825164,-0.009419642882719887,-0.006716979324824444,-0.004258154208577993,-0.0025379832416017774,-0.0013469422232306296,-0.0005348299092930199,-1.7680831342819895e-05,-2.8161577693780128e-08,-8.199213593578283e-10,-1.0502111577361517e-10,-2.2851705550642024e-09,-6.958780604924195e-10
2025-09-08,-0.025352310859931525,-0.02191006048317245,-0.009693660836729562,0.0010580689118866173,0.009862033656351462,0.016508870156366057,0.019133452515308923,0.019794882132825996,0.019141074590736034,0.017124939986870976,0.014534488312316643,0.012379871746459372,0.009735213461597203,0.006757454531539505,0.00354221305158422,0.00015420719646686476,3.6277138104034004e-07,1.3581646452591363e-08,2.1668989693220976e-09,5.8657638407952255e-08,2.2432492256878e-08
2025-09-09,-0.03463260632487674,-0.030077279109517303,-0.02259307513196334,-0.014602170529203236,-0.006704698079022927,-0.0011385864049919885,0.002778272081744208,0.004960277852151341,0.005949990264822856,0.005735759145731206,0.004964120883004453,0.004029604715211433,0.003058527163129704,0.0020683119970727744,0.0010600214438274795,4.4514002384143726e-05,1.1658652012229033e-07,4.723865133249713e-09,7.985105257216433e-10,2.2622389357925422e-08,8.994307939752202e-09
2025-09-10,0.03248803018656025,0.03157037745984505,0.03261329469880346,0.03397693448100755,0.03420379547559033,0.03191969066772859,0.027936196679340296,0.024236742336239635,0.020744068461884882,0.01746247649103846,0.014147498737703185,0.010579436380676911,0.007513460399440779,0.004804827344218973,0.002350613753061146,9.555783868037208e-05,3.033510322025985e-07,1.3244302864763371e-08,2.3194479061992245e-09,6.70140151838795e-08,2.6977917018781985e-08
2025-09-11,-0.015020792385539584,-0.011169266951615,-0.007853122916918484,-0.003405394151175255,0.0003679701452737018,0.0028127627006791934,0.004587891448713994,0.005479068916654248,0.005722246025178026,0.006328001362171746,0.006222606830562977,0.005474957009663963,0.004399173874195375,0.0030934581062442147,0.0016402884263223422,7.111539869839324e-05,1.9563060584883542e-07,7.81394624331075e-09,1.2831358576050978e-09,3.520470320757972e-08,1.3576503637392372e-08
2025-09-12,-0.002031365869872984,-0.0008283995649108069,0.00938708603935915,0.0173703012316688,0.0217066348546415,0.024172562134252763,0.024571717262078078,0.0236125127422926,0.021760970143853156,0.019316907875057826,0.016599635945932764,0.013453819604101273,0.010205640141338328,0.006892468613838094,0.003534481306285442,0.00015056526661138877,4.026222565621543e-07,1.594711748381129e-08,2.623436175200651e-09,7.237888959615454e-08,2.807214826948732e-08
2025-09-15,-0.08242816268826851,-0.0730865332914197,-0.060548896341299806,-0.04917974507841793,-0.03939652900959813,-0.031638185360352886,-0.02693218524017522,-0.022812554328368494,-0.01910855197031791,-0.015754940747938154,-0.012657690515924903,-0.010042287482908262,-0.007486132687940442,-0.004980325790331708,-0.0025238309447975617,-0.00010599787631903331,-2.749506112243195e-07,-1.075446403310379e-08,-1.750051273336537e-09,-4.7805301502066124e-08,-1.8381636988851434e-08
2025-09-16,0.10130939695776454,0.09368122903763317,0.08481387615215598,0.07677562928037071,0.06937372615651238,0.06300107456620739,0.055906436430528825,0.04892907081298036,0.04214245427859701,0.03584538556590429,0.030215191653493203,0.02458068000505344,0.018689428231239275,0.012637673896129104,0.006488551012581543,0.0002780211903937359,7.372011959274374e-07,2.9158824812726227e-08,4.7963354100433646e-09,1.323686300656801e-07,5.136134530823966e-08
2025-09-17,0.02843186053845567,0.0296913725398093,0.025777905826561084,0.02266387451093971,0.019987157688206778,0.01858521898341696,0.01808618469963724,0.01709481537666263,0.01566835808227921,0.014471903519066916,0.01303194787261549,0.01105572799242938,0.008673888908122254,0.006005271047368248,0.0031450233007912017,0.00013743060018274545,3.6607493586711896e-07,1.4645236330191054e-08,2.4300707372479404e-09,6.755573451637858e-08,2.6389694319422257e-08
2025-09-18,0.05832377069175405,0.05481513557436739,0.04931333213586931,0.044703169995952884,0.04029666776496881,0.03577521679211161,0.030476790652045015,0.025677681929070138,0.021366359005413487,0.017359916968318977,0.013646889459942262,0.01037722658342972,0.007462692274624248,0.004816319649824013,0.002375051194738103,9.717752393295757e-05,2.5911157962016153e-07,1.0254250129988825e-08,1.6771154757846911e-09,4.588602868586735e-08,1.7650095333983873e-08
2025-09-19,6.059801886932936e-05,0.004028632936169372,0.004502746484993969,0.006064697351563227,0.008032544582913113,0.009157286685487735,0.009593118522942014,0.009364295970398716,0.00869684000795981,0.008127150625526958,0.007046261645090319,0.005516188727002948,0.004062778034208684,0.0026723509701247665,0.0013404410546489023,5.506774734972575e-05,8.052601697371674e-08,1.9313716176523625e-09,1.689204904038724e-10,1.2918108210590505e-09,-6.263236506738357e-10
2025-09-22,-0.11181808456285577,-0.10338984303098253,-0.0875178184479689,-0.0712030787822085,-0.056280605717820474,-0.0445979132072236,-0.0351810164756207,-0.027736469602865167,-0.021772600574925912,-0.016863797260553648,-0.013021674634285446,-0.00973479690790726,-0.00689709157715452,-0.004392373206018295,-0.0021404829382640394,-8.615652239653026e-05,-2.4362952523188346e-07,-1.0108156838788068e-08,-1.7107628633252922e-09,-4.813619794544704e-08,-1.8975744383350914e-08
2025-09-23,-0.028139409193769963,-0.022803001571877823,-0.00865298402614562,0.0033725826272839213,0.011593712031172475,0.01778151618585604,0.020332470242612838,0.0210843537400151,0.02051522244984111,0.018986697890470684,0.016578115880649814,0.013797739882405837,0.010690503359706173,0.007346670371448546,0.0038225133133517955,0.0001631270956986603,3.8409997923722797e-07,1.4275621769103736e-08,2.2510802239479682e-09,6.009953629421366e-08,2.2648831971320506e-08
2025-09-24,-0.09047608184048124,-0.08278542958987348,-0.06852240198889561,-0.057489564110373835,-0.048803782413791505,-0.04063538030874008,-0.03241686094229939,-0.025866764875538323,-0.02056684040269434,-0.01561350725908538,-0.011434135617846805,-0.008314630583121454,-0.005748967725263963,-0.0035848093356715405,-0.0017131880409295914,-7.006294585159797e-05,-1.7893576031929977e-07,-6.971352151063361e-09,-1.136185501382718e-09,-3.115911192269364e-08,-1.2043449869689801e-08
2025-09-25,-0.1272600214227239,-0.11532303597055668,-0.1033031318472388,-0.09137707310589281,-0.08061214564292958,-0.06987002267516461,-0.06105049042753973,-0.052759447616803,-0.04491482731520964,-0.037918275174626564,-0.031152337712660527,-0.024670013014207966,-0.018362682228238603,-0.012203979481234264,-0.006176586464117688,-0.00026108458169456136,-7.356663918491199e-07,-2.9871274264183195e-08,-4.995214840826951e-09,-1.3955989742241796e-07,-5.470966598340707e-08
2025-09-26,-0.2904830009375836,-0.26732819074261693,-0.24774807976635407,-0.22443732602865377,-0.1995336753579627,-0.174525781920588,-0.1513668260055731,-0.12988267872376935,-0.10989710111186994,-0.09049152162234982,-0.07132567917905593,-0.05479153193677194,-0.03977599488991461,-0.025894760340913862,-0.01287317734651414,-0.0005350796630569316,-1.3774283506216481e-06,-5.347310874266843e-08,-8.65855133782401e-09,-2.3556485220869978e-07,-9.022494273771614e-08
2025-09-29,0.19622483107908587,0.17685067798908674,0.15107958390228207,0.12282335509604979,0.09735119710068246,0.07568912971285581,0.05707191507505223,0.04302318861480277,0.032308208327455866,0.023596223099756657,0.016267212398038182,0.010980740460505808,0.007047822470549761,0.0040803097966580475,0.0018079254272674226,6.685177666374027e-05,1.0740741288206284e-07,2.7640930762872414e-09,2.8317123893932327e-10,4.015840937355802e-09,2.8586051921800943e-10
2025-09-30,-0.05061383809233846,-0.04416393956882721,-0.030498798151774056,-0.01845267265901275,-0.008593943772451595,-0.0018092674991625885,0.0028054959371469003,0.005453784571954608,0.006713534168804065,0.006484946882566747,0.0053312911127174146,0.004243917915717824,0.0031763458317627764,0.0021275105314684105,0.00108157740888259,4.731733527438383e-05,1.1534379555656042e-07,4.3281397942385214e-09,6.920227058404717e-10,1.876480326640522e-08,7.183052164624431e-09
2025-10-01,0.1543239828072987,0.13764629868233305,0.1156766240422394,0.0995387991539425,0.08626253857403626,0.07360969482810283,0.0607691642935201,0.049948262679936434,0.040743644241946056,0.03232610329073863,0.02494266270118518,0.01878274746992384,0.013404687474687028,0.008600125064951445,0.004219715385967093,0.00017219831735212226,4.601031049430544e-07,1.8258119789937737e-08,3.0012552997089426e-09,8.26514244563018e-08,3.202076196353479e-08
2025-10-03,0.1537430497410488,0.14231431092761004,0.13189048905724293,0.12084949082829699,0.10877136560793023,0.09608917873118489,0.08339946512552986,0.07174703693067562,0.06092397891839775,0.05105582624596995,0.04190701835364173,0.03288460014066721,0.024301712203605063,0.016058795361422986,0.008087940183358802,0.0003390811966079839,8.684575875443637e-07,3.351036035695819e-08,5.40173618012997e-09,1.4643170877498406e-07,5.590524271681783e-08
2025-10-06,0.005179572073795585,0.005348486815571515,0.007579622514657701,0.010045108526743105,0.010296165585778356,0.010655377990417988,0.010749335049831254,0.01034757934137532,0.009586166160899003,0.008279927916728356,0.00686311914971437,0.00547366796330485,0.004105516182098937,0.0027502383050990093,0.0014015606759387354,5.9740363761951896e-05,1.6773535085065882e-07,7.01063658016229e-09,1.1970020384254903e-09,3.3978422963459324e-08,1.3506758323160722e-08
2025-10-07,0.09294460257118789,0.08840860985285126,0.08143089352319346,0.07124489970137406,0.06063021340857651,0.05123500861886433,0.0432947949241959,0.03616082987526797,0.029808369574810024,0.024213540549502317,0.01921291876993116,0.014723194414546191,0.010644927465150956,0.006893303034185515,0.0034089056580037377,0.00014181332916704504,3.8511007248440595e-07,1.5101009361200634e-08,2.445256218729501e-09,6.627635991677929e-08,2.5262170282517744e-08
2025-10-08,0.19546742495578986,0.16888325269676469,0.13971720220806402,0.112639938737649,0.08918598806643492,0.0696899277178556,0.05170164777430024,0.0382755075092291,0.02822661975539479,0.020211190335450834,0.013995404869219939,0.009069788736070984,0.00556363803875028,0.0030615998999314544,0.0012789458106105876,4.275786832300743e-05,4.187665015576729e-08,2.2648233315222804e-10,-1.261725048709664e-10,-7.087933274406882e-09,-3.96647533981393e-09
2025-10-09,-0.013969701064070732,-0.009474695941072454,0.0033805720058891677,0.010994534071560386,0.015340813628301505,0.017609621798505417,0.018434814936678128,0.018058415123062162,0.016840886442667357,0.015149071477332365,0.013112675941039053,0.010798183233707015,0.008284610260003935,0.005642290190682745,0.0029127817037916367,0.00012651661336339774,3.771214418783512e-07,1.5821346153288477e-08,2.711129090383307e-09,7.726989430932357e-08,3.079445343525718e-08
2025-10-10,0.2631289060342603,0.2457375154445172,0.2121676647316858,0.18237875119575758,0.1559459276982041,0.1330438524609565,0.11239803827118325,0.09429343549557126,0.07829385525901025,0.06386779084545621,0.05046756711105698,0.03842840011456326,0.02768154744322158,0.017896202907540196,0.008840974955820795,0.00036572382250171234,9.377961456964051e-07,3.614771346502842e-08,5.803557677002645e-09,1.5649269867254137e-07,5.9443446491068875e-08
2025-10-13,0.03752793305696401,0.03473932123182702,0.03147092626853078,0.030551151181182318,0.030526829164086985,0.029165006611633817,0.026739990247032348,0.023953081604389498,0.020977598096386506,0.018149654901160894,0.014983960047185973,0.011829865150277421,0.008783154129671558,0.005824198313818564,0.00294243287270659,0.00012293861981600856,2.6640599925529235e-07,9.248438721278085e-09,1.3646653259830553e-09,3.4081405224817724e-08,1.2006451926705445e-08
2025-10-14,-0.04062652263306089,-0.03909182941237329,-0.04406396937679633,-0.04700198571957004,-0.04744555108906499,-0.04592426977790242,-0.04352695721292734,-0.04001923961301936,-0.03575797660565591,-0.031433440367821676,-0.026606930251540196,-0.02138194668489821,-0.0161076950683485,-0.010812972650380327,-0.005518938200950225,-0.0002351541596988444,-6.281286323493635e-07,-2.5374780984972484e-08,-4.258839478558596e-09,-1.1990260352816853e-07,-4.749903592848859e-08
2025-10-15,0.056673257223589804,0.05332023937000585,0.06154229361253576,0.06482865671880096,0.0647349367349486,0.06144964349613477,0.05782774362357872,0.05288941907722833,0.04704863909952214,0.04106634741578387,0.03514196330003672,0.028635313299811185,0.021796086119063623,0.01474956681280477,0.00757681789136964,0.0003254311744855537,8.68541543508389e-07,3.447065213046861e-08,5.691393307580761e-09,1.5767137219578228e-07,6.139692794028665e-08
2025-10-16,0.18527434229545656,0.1646869156346954,0.1437430316401081,0.1272809922273562,0.113167545566338,0.09949775640603478,0.08703300545322225,0.07539035258136667,0.06439968408595285,0.053763834073234304,0.04359761759148441,0.034212377330141416,0.025294714759702196,0.016729462504768748,0.008432570956958908,0.0003547839274956909,9.433635223685327e-07,3.7497670585135644e-08,6.1943140434336285e-09,1.7161196773512195e-07,6.683289447480873e-08
2025-10-17,0.11889766216697331,0.10640079987029402,0.08894153325721063,0.07330959931434579,0.05962715788303033,0.048427139756504575,0.04285722216641552,0.03747401104469428,0.03219592240843938,0.02732585555968933,0.022501871344013588,0.01808531480304774,0.013613705614761561,0.00912281711612555,0.0046512018678518735,0.00019727387811478472,5.095313965505185e-07,1.983960244981984e-08,3.2159195681677723e-09,8.756020778003515e-08,3.357461093862447e-08
2025-10-20,0.17989644361610663,0.1623064972459475,0.13643983112638255,0.11374302931216573,0.09361603619703647,0.0769142330958708,0.06274998596540254,0.051306575714042874,0.04179958655002352,0.03407750852927673,0.027286970067984483,0.020774490619753748,0.014982033356356592,0.009701202591837283,0.00480397481768186,0.0001985605347577426,4.918836177958981e-07,1.9016262084845074e-08,3.0721571135180914e-09,8.344472164319194e-08,3.1922781760403904e-08
2025-10-21,-0.015426274315461234,-0.013367263379975836,-0.0075936986924203306,-0.0019863414450575507,0.0023873213773203932,0.00504416052639743,0.005867989046919782,0.006100818400189691,0.0059233459109794976,0.005332380106754762,0.004662584604977799,0.003950317050184938,0.003097376550875239,0.0021471742274783083,0.0011240864042762028,4.873294560169792e-05,1.1768855190616952e-07,4.500025300491915e-09,7.282431069936192e-10,1.991480563632008e-08,7.677596312802886e-09
2025-10-23,0.07560354394475369,0.06745102879180075,0.05680325766643656,0.04725579309939119,0.03811595370146105,0.030747667394872794,0.024485300972291662,0.019606900073005844,0.0157001699116826,0.01203739002501505,0.009011290587445797,0.006569846689283396,0.00456991210398942,0.002875268101045305,0.0013861863802938689,5.4556179189689444e-05,1.1798102497721143e-07,4.3223376471162894e-09,6.790984838931652e-10,1.8133288381081063e-08,6.859220696052589e-09
2025-10-24,-0.08843443448574452,-0.07785034151473133,-0.06469513558101207,-0.05562570658413595,-0.04917001167870351,-0.04335732420133986,-0.037700534516616487,-0.032574094489289794,-0.027823224515902165,-0.023207374774339352,-0.01862759747226682,-0.014377464988984894,-0.010497524680439714,-0.006878069295214463,-0.003439663065071532,-0.00014549327835641654,-3.738635533321381e-07,-1.464908565644865e-08,-2.4063796646638745e-09,-6.65398986110068e-08,-2.5896776925159016e-08
2025-10-27,0.04818304399991602,0.044308730684781264,0.03900885758284756,0.03384792046613565,0.02903891783486263,0.025630949827727234,0.02340745271146866,0.021173320191094257,0.01881383955796006,0.017085742513514728,0.015133179149339303,0.012509655121997969,0.009636572747017017,0.006582204863919516,0.0034112897609802147,0.00014749507189410358,4.1579833414985505e-07,1.700844573019534e-08,2.86466096226339e-09,8.058472962948176e-08,3.1782731288645003e-08
2025-10-28,-0.05005790247972455,-0.0420344915577931,-0.026937984300327,-0.016188233778257153,-0.008387175204688058,-0.002758400840840668,0.0005678972645348852,0.002641397936186019,0.003773240828423488,0.004096312121247696,0.004280542941838879,0.0037908241864100974,0.0030657081815312665,0.0021754666144983654,0.001158646697997092,5.0246414033303146e-05,8.934216519370796e-08,2.796847833213909e-09,3.860197998365397e-10,9.159865076691834e-09,3.063129559704944e-09
2025-10-29,0.17336075794108388,0.15982330244510368,0.14390051355641711,0.12944405801906783,0.11676309717000513,0.10307467681975355,0.08935620204967909,0.07670797959252344,0.06496201564461698,0.05447342539956019,0.0438493096553642,0.03368298975372259,0.024455046662871304,0.01592106314460769,0.007916219242345533,0.00032934667211161354,8.521288970564718e-07,3.2994180219988104e-08,5.327994152010606e-09,1.4458653768399794e-07,5.524677568953435e-08
2025-10-30,0.01816850400111377,0.01685198900520555,0.012048378317344966,0.008014946023877782,0.005170093616771473,0.0032892892148862363,0.0016076553078702145,0.0004184671065308267,-0.0003515635716838716,-0.0013859569500725621,-0.001917645217178928,-0.0021483159533239858,-0.0019758744965779336,-0.0015135277279618047,-0.0008550151442419964,-3.878885828814836e-05,-1.7559692377940355e-07,-8.484990486251527e-09,-1.5683445364631107e-09,-4.7014861902308325e-08,-1.9467288823798695e-08
2025-10-31,0.006646545764967787,0.006511622627984638,0.0011567973724085452,-0.003220934049345518,-0.006236099078286496,-0.00790418725456464,-0.008950570070560757,-0.009161388917308158,-0.008783700740269768,-0.008841382466973049,-0.007960087256983338,-0.006758161640451077,-0.005301725862808116,-0.0036664259171299033,-0.001919489725108802,-8.405265915181257e-05,-2.593912919563744e-07,-1.0890063978393977e-08,-1.8584681248965974e-09,-5.271287025310822e-08,-2.092359055956569e-08
2025-11-03,0.05943865445900324,0.0572166603495901,0.04858986056036547,0.04012046744418235,0.03244043900210893,0.0243001780180244,0.016221969522285443,0.010518154247900178,0.006526775099062532,0.0036918400145185583,0.0016703895736424367,0.0007721845589197836,0.0002346529260749479,-3.645695182593907e-05,-9.967049581265418e-05,-7.1694150298107966e-06,-2.644736096182937e-08,-1.3453994126659855e-09,-2.6967498475072037e-10,-8.722127216531909e-09,-3.8369623923977745e-09
2025-11-04,0.1410033945647029,0.12300276323342992,0.09987897545735683,0.07880993550517686,0.06108415688222219,0.04585995141436479,0.03184837620360576,0.021865736606710272,0.014780099693982014,0.00956700013178488,0.005673576763793398,0.0032650638022755476,0.0016999883772058702,0.0007326273789587781,0.00020419210156534103,1.4581146469099807e-06,-8.351920869199451e-08,-5.042288187676428e-09,-1.031785384860168e-09,-3.298322164103987e-08,-1.4323666434957706e-08
2025-11-06,-0.03454993307330308,-0.02943796138249661,-0.03212486872730114,-0.03263478268729828,-0.03161373944631397,-0.02919918962465837,-0.02129237157552877,-0.015360284877509529,-0.011012226739794463,-0.00847802997368185,-0.006832980300679754,-0.0051245797785288314,-0.0036449930381865247,-0.0023298439801191016,-0.001141395466878601,-4.6136577745699386e-05,-1.4139209169745613e-07,-5.666004676983033e-09,-9.343273809125036e-10,-2.5753453093445285e-08,-9.947230536578619e-09
2025-11-07,-0.09630188493415484,-0.0881780043543443,-0.06612674903507533,-0.0484746323826989,-0.03457326319563494,-0.02418401099253143,-0.016087172972252976,-0.01037588493902532,-0.006406497346662699,-0.004925914423659587,-0.004142748423004279,-0.0029342867452288837,-0.0019584620146522306,-0.001159244322137012,-0.0005288994113803836,-2.0458605152062138e-05,-5.398113243195117e-08,-2.2530810871550913e-09,-3.6942560886063716e-10,-9.935890455622583e-09,-3.758570850593767e-09
2025-11-10,0.06992599093439877,0.062060146164768994,0.059180053346134624,0.053823053620714434,0.04709926771672467,0.04085505401771012,0.036221837459958016,0.031632250537050245,0.027136896238963846,0.02283860554747611,0.018790860914388065,0.014633811333897302,0.010745878980471283,0.007063175350809407,0.003540396176938843,0.00014699421080468673,3.64184204697281e-07,1.4112133415348997e-08,2.2913773421138594e-09,6.261474029521285e-08,2.4105832266177927e-08
2025-11-11,0.0022856003021975778,0.0003631262979399023,-0.017623900159047915,-0.02632652724388094,-0.02770154270359021,-0.026500037161072628,-0.023353670953637117,-0.020206015261903968,-0.017178542695038056,-0.013717265978681472,-0.009883658653840256,-0.006499998238680535,-0.0040556778660431414,-0.0022802567807752687,-0.0009743744505615162,-3.397441406415606e-05,-2.2116828655014397e-08,6.375698590827503e-10,2.8007539771875277e-10,1.1603405956892497e-08,5.793899561692905e-09
2025-11-12,0.1016976328501253,0.0900237418919226,0.07455316285727892,0.062480429956890134,0.05349081242668205,0.04524667451578205,0.04150219598585039,0.0372954028544469,0.03272503164183956,0.028188346195735296,0.023380540702321873,0.01850140213446777,0.013763803660869925,0.009142113843064835,0.004625297258779481,0.00019569596054935212,5.349455227558186e-07,2.1591755475254414e-08,3.596491215847952e-09,1.0016100132433286e-07,3.916084967556031e-08
2025-11-13,0.011064991384378128,0.010310148539962689,0.006488686811983691,0.003667856779724738,0.0012846081720402714,-0.00013732383904652474,0.0029249225541740894,0.004694538304573071,0.005452915854692842,0.005795178675489321,0.00583772705228181,0.004969982183532271,0.0039013536253617175,0.002698300996781821,0.0014094163949523765,6.10828364736349e-05,1.923957958115094e-07,7.962220236372838e-09,1.3333590747569848e-09,3.708686566786212e-08,1.4456634030996834e-08
2025-11-14,0.033351977552713775,0.0304978742977289,0.024308699188773014,0.020816034005752954,0.01858284666275693,0.016014598124367372,0.014043130448228103,0.012254515754088995,0.01055407971428579,0.009117719007563448,0.007613442684821015,0.006054803025305446,0.004527945063060348,0.0030222703300310095,0.0015366725288200858,6.456860675592711e-05,1.584915523665487e-07,6.010406499624792e-09,9.541299760600318e-10,2.5497769949507152e-08,9.607011481225275e-09
2025-11-17,0.09811722892837688,0.08759690072087907,0.077081314143694,0.06675382836321431,0.05665943699803908,0.048409009305302474,0.04064258017260658,0.03400365927678779,0.02823320747928486,0.023300418033900327,0.018905287385580873,0.01486642353458619,0.011008199322018948,0.0072870075064957315,0.0036769266242496507,0.00015387500630394127,3.9027738835071317e-07,1.4972168242830122e-08,2.4012161271364616e-09,6.477071028958906e-08,2.4598614136474223e-08
2025-11-18,-0.003015179909475735,-0.004126604351082485,-0.008298702149785585,-0.009418491372170964,-0.009159639979958679,-0.008229694541933402,-0.006308033190166855,-0.004747875767294268,-0.0035185663409118585,-0.002797729505620654,-0.00251481621015956,-0.002279549263565881,-0.0018593992946897627,-0.001319210392226397,-0.0007028596164731268,-3.141248779395196e-05,-9.828445285990914e-08,-4.322573866701194e-09,-7.666091725547299e-10,-2.2453502888537297e-08,-9.158924771425657e-09
2025-11-19,0.1516317565891125,0.13683627819880612,0.11326763525926747,0.09091367227325142,0.07099971759396376,0.05477215954843071,0.04091771772200138,0.03058552217223682,0.022801246324493082,0.01712001638826542,0.013022819762806621,0.009708946071491923,0.0068648074725480256,0.004361030804405742,0.002124017541842707,8.618652903996965e-05,2.625081362234512e-07,1.1113449990909154e-08,1.8995602355278536e-09,5.376581838715918e-08,2.126939197161869e-08
2025-11-20,-0.06310765316301782,-0.056461817142881295,-0.041610723590669065,-0.02807969295403016,-0.0175532861328598,-0.010076496078922312,-0.006062749640514004,-0.0033532668557053743,-0.0015449212312169023,-0.00035493876149482717,0.0004392047056554991,0.0007707232523686052,0.0008277453575535604,0.0006902767605958365,0.0004086126628824851,2.0126588565762516e-05,7.455364545883182e-08,3.408565611841859e-09,6.19623076814142e-10,1.849496652951306e-08,7.651325478581015e-09
2025-11-21,-0.05399316755892277,-0.0530014820347852,-0.06303285478802761,-0.06853734664114558,-0.0697912985944438,-0.06705939905220613,-0.060413926911135944,-0.053479299562687085,-0.046447133077739455,-0.03901715126090172,-0.0314557481679449,-0.024204873625109407,-0.017607248057331496,-0.011491535603006833,-0.005723979816759787,-0.0002383718863261131,-6.141725865237428e-07,-2.3838369624906418e-08,-3.865970622266058e-09,-1.0540777791954974e-07,-4.044370727187851e-08
2025-11-24,-0.057896870361334396,-0.05285566634046885,-0.057274247288991005,-0.05796639829897434,-0.05543330778092377,-0.05165666467585422,-0.046485667553763176,-0.04116361262733328,-0.035782679158921624,-0.030627469216966425,-0.02542010425154183,-0.02039973014572631,-0.01534949026958477,-0.01029416991269994,-0.005250389345054419,-0.00022404815323516565,-5.923701254251015e-07,-2.3389503653076832e-08,-3.8456500446957385e-09,-1.0614485061665691e-07,-4.1193006733687974e-08
2025-11-25,0.01997610217085408,0.021265599842757093,0.01920222013435935,0.016697310143242702,0.01446294949536279,0.012440252508123846,0.010315096852142259,0.00857722076120801,0.007099712633364177,0.005856500558001938,0.004541402055352922,0.0033063695636610627,0.002289183556961657,0.0014284444124673954,0.0006834786753403155,2.73381760984272e-05,4.1175725541888546e-08,9.602343269230684e-10,7.510421035145844e-11,1.380861269176596e-10,-6.180287497854567e-10
2025-11-26,0.16716438446661674,0.15316146866507588,0.15161708741837776,0.14728093651952234,0.1391971321593986,0.1288341058878079,0.115871837915882,0.10237816927591398,0.08874843350612634,0.07448390339949477,0.060395152145760654,0.04703657136030644,0.03455871027630038,0.02274236765138765,0.011409969230808885,0.00047921111695825515,1.2561455298343637e-06,4.9417368687815294e-08,8.101008227046224e-09,2.2298194335789758e-07,8.633120057206216e-08
2025-11-27,-0.019742804803969866,-0.02008860147696064,-0.0115577828708639,-0.005378960573268678,-0.0016225174298506182,-0.0004500261842953066,-0.0006608621992172636,-0.0008418885493458839,-0.0009582680750591553,-0.0009379553090331549,-0.0007479175190251785,-0.0006023894469154043,-0.0004592321101329651,-0.0003124336795226722,-0.0001622492279627083,-8.184713415307342e-06,-2.0914604735862896e-08,-7.849472184950837e-10,-1.2225912284233683e-10,-3.1957803392316528e-09,-1.1787076886096936e-09
2025-11-28,0.061985805615402276,0.05684384301763093,0.05013349180827596,0.04306017973589437,0.036636823599805524,0.03080391857492288,0.02522372765645183,0.020573938596472614,0.01665878200680636,0.012888628056038498,0.009648791078521903,0.0073519836981249705,0.005298895003571355,0.0034294305352165285,0.0016956837857693432,6.988599513438791e-05,1.5510359031463413e-07,5.62148120102657e-09,8.672462631566965e-10,2.267384452563808e-08,8.380445433482906e-09
2025-12-01,-0.10701402062590756,-0.0979158233417257,-0.08693518455168305,-0.07489243546345602,-0.06253720938390843,-0.05101094148641435,-0.04047706554917898,-0.03208381104380814,-0.02530550122233373,-0.019641255876178747,-0.014866765535955954,-0.010954749336410084,-0.007663097358146031,-0.004824887171920807,-0.00232760601946993,-9.350262473811453e-05,-2.1116561341119156e-07,-7.508593788462785e-09,-1.1266375576391852e-09,-2.8511771685433547e-08,-1.0177856089082914e-08
2025-12-02,-0.04945206014619854,-0.04567462452574509,-0.040380368766145376,-0.0371856801637922,-0.034707296352295386,-0.03128642007164917,-0.02415165917126639,-0.01863859093744092,-0.014381442659427479,-0.010647160231912502,-0.007967768904908338,-0.005916377349183907,-0.004174258013051035,-0.0026559253538316124,-0.001292884185269378,-5.275431496061538e-05,-1.5098206147792807e-07,-6.1022206133604275e-09,-1.0194820452927086e-09,-2.8487870312913944e-08,-1.1164342690197731e-08
2025-12-03,-0.12937403350977172,-0.11596214732551381,-0.10277215893354366,-0.08924828929783439,-0.07737686067781156,-0.06707850276676845,-0.057514739499070766,-0.04905432798726819,-0.041408195915522604,-0.03500787687095247,-0.029078366995419273,-0.02327680471475105,-0.017482160144983216,-0.011706483634062693,-0.005964646622402023,-0.00025350111588585045,-6.173444006243263e-07,-2.3434919338713763e-08,-3.750081762797439e-09,-1.0131829810664583e-07,-3.8602818333672986e-08
2025-12-04,-0.009103508619483551,-0.00749537930668296,-0.00205418596103531,0.0030261603747587726,0.006688297236897698,0.008325556334934257,0.008585588471115221,0.008288462445692335,0.0076330682726488295,0.006901422367280025,0.005967925602657844,0.004895422437216924,0.003739919883286089,0.0025344828791509094,0.0013035128256207633,5.580874783121426e-05,1.5317264323985233e-07,6.2723884438764675e-09,1.058458442824826e-09,2.9816713009175404e-08,1.178114467329418e-08
2025-12-05,0.06775089216290613,0.06328946834817586,0.06087374732179368,0.05669917710375594,0.051686102063796494,0.04744850219550989,0.04352532062038322,0.03921678288164909,0.03460651710790424,0.02974980139586883,0.02502974739923482,0.02023664739556816,0.015324435334110776,0.010336278394000288,0.005296488287226026,0.0002256393903733911,5.758439571318841e-07,2.2272097612617628e-08,3.606674305191515e-09,9.83057785025083e-08,3.7725489175092075e-08
2025-12-08,-0.19700929529666328,-0.18184452986274346,-0.174501884064842,-0.16434710368780933,-0.15206648462167008,-0.1380108165707449,-0.12308792741625758,-0.10815730952227719,-0.09338269722136294,-0.07895734413154068,-0.06462272280945311,-0.05076701982429617,-0.03755473147717482,-0.02484224144159595,-0.012522020111785617,-0.0005267271070309605,-1.342631064403104e-06,-5.1960619429023265e-08,-8.413286911674664e-09,-2.2919723893228263e-07,-8.793183291947934e-08
2025-12-09,0.09253145854834043,0.0785012967135555,0.05607452392464213,0.03946864837506705,0.02810551582492853,0.018997676268181187,0.007483322262872564,0.00013482506104077954,-0.004165856794655046,-0.006197143939031444,-0.006766944579758596,-0.006532541254264221,-0.005555136696160722,-0.004065374048457633,-0.00221446951215377,-0.00010001512336435521,-3.242965023169896e-07,-1.4108168619547618e-08,-2.4664018495089073e-09,-7.125544029671083e-08,-2.872430120993761e-08
2025-12-10,0.0151484961701211,0.014887765376255963,0.010981198236284658,0.008052360503252455,0.006048024237498555,0.004558556159089231,0.0037137515508936856,0.0030084719531036654,0.0024133998530857566,0.0017812667305820333,0.0010950634960020273,0.0006132774400919487,0.0003082842384743447,0.00012694946470861025,3.056433230064766e-05,-7.062880206659099e-07,-1.3464317151684128e-08,-7.923577321439859e-10,-1.6556889232405505e-10,-5.430854397289062e-09,-2.4048710056359456e-09
2025-12-11,0.10795455301887422,0.10240803946504705,0.09541407475437243,0.08649426141076136,0.07713663038039119,0.068670297763513,0.059562242657586334,0.05103340321205147,0.04312016124766916,0.03538828209379815,0.028100243090544253,0.021631776407875485,0.015730832702834832,0.010257632951242601,0.00510506925599257,0.000213504251840845,5.543109978304386e-07,2.1663961364719174e-08,3.526360790686491e-09,9.637307091132878e-08,3.7067741051534826e-08
2025-12-12,0.029538943782059034,0.02759148841408155,0.0352099711879197,0.041043931068231086,0.04453701544399699,0.04601538672434071,0.044792309837557075,0.041960618777413757,0.03804318737233565,0.033880797711453296,0.029419865294800635,0.02415796498748785,0.018503904862979002,0.012586405466257269,0.006494138787100855,0.00028037832916566214,7.374632746234571e-07,2.9126173507512957e-08,4.795197884653708e-09,1.3257879493926896e-07,5.1536001499355386e-08
2025-12-15,-0.035280886508467175,-0.03139907050259826,-0.029580228040863243,-0.027970017703267257,-0.026161621380977423,-0.024084802665248938,-0.021166551038432242,-0.018320083717834206,-0.015608680537779467,-0.013186028733155792,-0.010796473487281796,-0.008777386880357157,-0.006662366114922848,-0.004493701181666276,-0.002302874640250052,-9.803042740709367e-05,-2.422908534143254e-07,-9.125935857530625e-09,-1.4435143235162976e-09,-3.8501698471480574e-08,-1.4482773506351502e-08
2025-12-16,0.04959986731947846,0.039838010846970515,0.0180877301204023,-0.0036939045026084393,-0.01999736090205986,-0.03020335672988283,-0.03472435800952747,-0.03591306187186643,-0.03473876274080943,-0.0315545430914347,-0.02700161988615408,-0.021848417493941945,-0.016561187670791674,-0.011185561865601394,-0.005735507392596132,-0.00024633868252490603,-6.657555425756575e-07,-2.6662746291292732e-08,-4.430579905115003e-09,-1.2334722649190083e-07,-4.823196079594686e-08
2025-12-17,0.01462536149610518,0.015634122356729053,0.014117647721641313,0.011857118460056205,0.009271838428843644,0.007590102321898406,0.0062233123117350275,0.005166743649276787,0.004298962425114631,0.0036082960126144594,0.002929687970290628,0.0022474780453506375,0.001635156623444902,0.0010682965186951132,0.0005338721734317151,2.238842600372869e-05,4.884411773224678e-08,1.7499917083098403e-09,2.659244744805289e-10,6.827589129599006e-09,2.47609676038145e-09
2025-12-18,-0.035027648805339276,-0.03299764697088707,-0.03140656790806756,-0.027629632518882067,-0.02295797500941693,-0.019128993367457905,-0.016786140238963635,-0.014475155385968996,-0.012248055213424243,-0.010603103266009524,-0.009224303589265891,-0.00766994434816513,-0.005919390113609636,-0.00404161483273675,-0.002092164828194944,-9.048735378357145e-05,-2.3547290697523396e-07,-9.055705599956127e-09,-1.4477254350028233e-09,-3.8866036814526685e-08,-1.4704990321751176e-08
2025-12-19,0.0631973332628821,0.05856642451965885,0.05289652342828238,0.04684757232094077,0.04079318914261714,0.035359619128235605,0.031613173904838726,0.027819806934993134,0.02402621623030652,0.02044018340676347,0.01709413445968019,0.013675904932232008,0.010260785990299812,0.006862907648044804,0.0034913332038363372,0.00014818776593411155,4.0407736395978936e-07,1.618141370396908e-08,2.682222683892985e-09,7.444858460538766e-08,2.9037358797320536e-08
2025-12-22,0.05294946553135844,0.048413914916619095,0.046708319697140156,0.04460999876060412,0.041825322975008704,0.038896369669902314,0.03583811444237009,0.03216382031600453,0.028170687884383247,0.024523856054384056,0.020671739186810072,0.01659668998920917,0.012480161849172949,0.008355796838531238,0.004255823947701098,0.0001806239367492272,5.138787531245089e-07,2.1155594749405565e-08,3.5721502164800963e-09,1.0055216782483671e-07,3.9678237827409e-08
2025-12-23,-0.06194656745712191,-0.055997885529356355,-0.04563234909991263,-0.03822913704750143,-0.03274713716344979,-0.027935782549885414,-0.0235176109687407,-0.019679000271089434,-0.016310745904776894,-0.013237377308979888,-0.010569180625730056,-0.008062456295105755,-0.005816223875041078,-0.003764201038204966,-0.0018615866124594546,-7.565454069180515e-05,-1.6790440009104936e-07,-6.014897241577374e-09,-9.11771828438902e-10,-2.3339682738292274e-08,-8.431755544030381e-09
2025-12-24,-0.06598523361883167,-0.059997817260120025,-0.05370819982777787,-0.04679496993438737,-0.03999530288080559,-0.03350677191266739,-0.027993604533921662,-0.023299606078045723,-0.019218349576043448,-0.015543269573625607,-0.01217117609794071,-0.00913905899907253,-0.006507229002269165,-0.004166636010894333,-0.002040999596319116,-8.29188119834982e-05,-2.1406118899281218e-07,-8.414684981172099e-09,-1.3750788127298772e-09,-3.768650258144075e-08,-1.4529423337945594e-08
2025-12-26,0.06300166440127505,0.0518091588992716,0.03766276471620452,0.026048963761298893,0.017046536001615084,0.010322707035202397,0.004068292100820097,0.00016397982224945185,-0.002095250580315602,-0.003269391047259931,-0.0037574042905516004,-0.0036483693241861357,-0.0031055316070415047,-0.002269681491575235,-0.0012347686063696331,-5.4854622481199216e-05,-1.678315249363701e-07,-7.08365791825576e-09,-1.2122683155095148e-09,-3.44253544703701e-08,-1.3684534028905312e-08
2025-12-29,-0.03650350819883542,-0.0318904266988123,-0.02515238400481997,-0.02128023078306935,-0.019576019307585454,-0.017534589279058262,-0.014242490750632941,-0.011485089064369207,-0.009196230303609193,-0.007378605524149067,-0.005994678899586586,-0.0047994672946751575,-0.003595784249631217,-0.002398030755882824,-0.0012171789946624747,-5.142128304459956e-05,-1.7601861037416627e-07,-7.655714722542405e-09,-1.3328896178248455e-09,-3.831451501619245e-08,-1.535609937945049e-08
2025-12-30,0.003593654471665387,0.005829037049926628,0.010529951373850457,0.01490773183148647,0.01818755053210344,0.020295324437399252,0.020433880148206775,0.01962175128958441,0.01812792691833841,0.016159452654570635,0.014015280138302697,0.011801299865008018,0.009207019049050679,0.006351157147870887,0.00331430035533623,0.00014253438815857995,3.3869530638405655e-07,1.2688703565725035e-08,2.01266225251059e-09,5.4000508810211846e-08,2.0451540905309594e-08
2025-12-31,0.16107892924222178,0.14610695955745076,0.1387349767542429,0.13025515124354364,0.1200814154509364,0.10902843094948073,0.09686841148957866,0.08499495047330165,0.07338308943681186,0.06210139257364057,0.05087245594109534,0.040121741528817374,0.029784380698280117,0.019764494553471044,0.009990715281995539,0.0004216045187188796,1.0951421216859145e-06,4.2840643511274634e-08,6.994239028762171e-09,1.9189499811883169e-07,7.407783985956319e-08
2026-01-01,-0.012698490647521977,-0.010921977748462793,-0.010177038162374813,-0.008059923152805461,-0.00517804197335827,-0.0028174501868259137,-0.0016279348676014266,-0.0007885421652168516,-0.00021445107984943883,0.0010576743963808218,0.002412818836341375,0.003092146083884309,0.0030017560836456524,0.002369208078250871,0.0013607689555332162,6.405799200334705e-05,1.8180369870295933e-07,7.3720765921072455e-09,1.2275138402515036e-09,3.408867182572251e-08,1.3259422689212507e-08
2026-01-02,0.07879191033812304,0.07394500114192454,0.0715551482037639,0.06651607407485384,0.060371562131845954,0.05460592968499838,0.04939497014582278,0.04387027754742632,0.03819029764762351,0.03389964814995279,0.02904584353921754,0.023728711319823074,0.018095587692289992,0.012256993625057132,0.006304515848777049,0.00026937508785635476,7.2880723697483e-07,2.904980410293417e-08,4.794086524344836e-09,1.3249053637971704e-07,5.144154282432503e-08
2026-01-05,0.052813027097992835,0.04833048355317042,0.0412439205445927,0.036316794622631966,0.032474502417787335,0.029635915903212667,0.02851051671514639,0.026611307976230483,0.024096534115475847,0.020732631225570532,0.016857102383671243,0.013095129142389656,0.009612875177813899,0.006326891827739747,0.003175882308244627,0.000134627501317353,3.3921034053237915e-07,1.2882531446255379e-08,2.0579456979717405e-09,5.5480781618375733e-08,2.1095142966458502e-08
2026-01-06,0.26558516874859667,0.24508733436177646,0.21142530092286202,0.17874671022859606,0.14834038803946487,0.12284781484540042,0.10171078157312484,0.08390146860552262,0.06867049029209792,0.05495868247529898,0.042457369466688634,0.03164190822681454,0.0223730542671063,0.01423242715501413,0.006929637228023889,0.00028331803835557914,6.955119178292905e-07,2.597580686846333e-08,4.067253520897517e-09,1.0725761884423067e-07,3.990049745811872e-08
2026-01-07,0.26213081815349815,0.22963819578446157,0.19241650710853425,0.15822806406237708,0.12794145577601884,0.10117657147465585,0.07623055762626538,0.0573542872118713,0.042974192080974076,0.03115572621913715,0.02183641480304496,0.014687840921207394,0.009388839913298922,0.005411237841872776,0.002384134615302393,8.774453789774655e-05,1.8502837901026636e-07,6.1781697920514556e-09,8.736860889986263e-10,2.0773369945524723e-08,6.904748170293847e-09
2026-01-08,-0.1221392929769571,-0.11325873504240748,-0.10738655888211136,-0.0994248497569101,-0.08999852556932585,-0.08083790144282811,-0.07203613891402773,-0.06327379416392237,-0.05462178749853385,-0.046656414328301955,-0.03941365803985656,-0.03173082389173602,-0.02393048290979223,-0.016075984216890275,-0.008208948140956848,-0.00034970831043201707,-9.561047096150942e-07,-3.8579373506115494e-08,-6.434485423652021e-09,-1.7950695425566272e-07,-7.029417601455009e-08
2026-01-09,-0.11996142882691765,-0.10794314505416508,-0.0972245801381076,-0.08842791394673319,-0.08049748697689636,-0.07220469401634491,-0.06199295961310388,-0.05270742461291,-0.044284090659093854,-0.03762434055447992,-0.03114344563415706,-0.024811428726774283,-0.01855361404577844,-0.01237059172196212,-0.006281127446071551,-0.0002664883304092988,-7.079381093867468e-07,-2.7948023078812032e-08,-4.585537740995926e-09,-1.262367372070442e-07,-4.888501237200398e-08
2026-01-12,0.048252064056730486,0.04482718683461569,0.044491590693810514,0.04272540152871045,0.04048840051293697,0.0380752639200479,0.03732582269729327,0.035289848235879766,0.03222821062957305,0.028509683639143205,0.024013525198209484,0.01926838308556746,0.014508699017087807,0.009741872841267778,0.0049743563060641385,0.00021269732470257106,5.701745904962615e-07,2.273488921641267e-08,3.76761061072205e-09,1.0469746596278185e-07,4.087126579085345e-08
2026-01-13,0.014041256901640098,0.012721199977754992,0.007524725360320996,0.0015094077431875642,-0.0035574112949526937,-0.007002470724155112,-0.009430951282442344,-0.01036967784744018,-0.010318133730568344,-0.009975206936814253,-0.010125807807155595,-0.009213517655445128,-0.007560847379741252,-0.005401853019913546,-0.00289292367193894,-0.00012799983430166457,-3.4496433988141005e-07,-1.3986442791404112e-08,-2.344513957614737e-09,-6.573553612530927e-08,-2.5868640420828933e-08
2026-01-14,-0.11734806453124015,-0.10439531003547635,-0.08473256165532612,-0.06456065655418827,-0.0469847506577086,-0.03399972816488742,-0.02703805944663875,-0.02136766752105934,-0.0167045355090709,-0.011684019937579502,-0.007917233856236364,-0.0051859434533192755,-0.0032042057324648244,-0.0017737266093784717,-0.0007414708028628897,-2.399772985361666e-05,-8.219028328345451e-08,-3.87427623723232e-09,-7.099697631173507e-10,-2.1252304382404073e-08,-8.89935467788248e-09
2026-01-16,-0.1140404623574997,-0.1036750885623304,-0.0896565035029566,-0.07725099907327193,-0.0660994701446136,-0.05680476113889267,-0.05061546862116978,-0.04427539647076036,-0.037981897132917004,-0.03195796497072064,-0.025898835710474223,-0.020015143862682105,-0.014598492815439817,-0.009536951072484366,-0.004754725972543028,-0.00019687454781738332,-4.678666240992152e-07,-1.7116709506342648e-08,-2.6323436979717043e-09,-6.82807956200995e-08,-2.5007439698373167e-08
2026-01-19,-0.11616653970067525,-0.10468002966835918,-0.08437898573007102,-0.0672841171736827,-0.05440889700362287,-0.04273016279707937,-0.03220584747027886,-0.02425142170782042,-0.01817747260082431,-0.013730853759725459,-0.010099505777017397,-0.007247682411970158,-0.0049411236259450965,-0.003033307050113046,-0.0014287418426304345,-5.703072776642787e-05,-1.9587188421109853e-07,-8.680343011220717e-09,-1.5327716418317562e-09,-4.456921838394638e-08,-1.804304493682558e-08
2026-01-20,-0.29583298090091675,-0.2706753882410738,-0.2537741028205857,-0.2342670177253348,-0.2126696401391256,-0.19012214038865982,-0.16874453151639504,-0.1475044905304743,-0.12670593866510807,-0.10634746207928115,-0.08655966322407534,-0.06792517203626626,-0.050193128048815476,-0.0331680202422575,-0.016702876898470952,-0.0007031820941449876,-1.823040707549846e-06,-7.131276514733681e-08,-1.1632926755581262e-08,-3.187940391273247e-07,-1.2296303219125511e-07
2026-01-21,-0.018755673657491475,-0.017587738983472063,-0.01051496769309978,-0.0050659252159090725,-0.0008729014706877175,0.0013466998641013435,0.0016701506058302547,0.0017171037225794023,0.0016179363890573746,0.0013130080733359168,0.0006261061300668066,0.00019825391967798442,-3.2058383547713647e-05,-0.00011880483620882206,-0.00010222910044921321,-4.405773005276745e-06,-2.203820068720925e-08,-1.1139145834910823e-09,-2.0912314352461277e-10,-6.311894356802093e-09,-2.6317692218934137e-09
2026-01-22,0.03362265495941245,0.03806993452564674,0.043958252432119746,0.0491573199674086,0.053104018814654194,0.053481927977273074,0.05215382731437104,0.04885347344646657,0.044205406294139514,0.03885845438044048,0.03283188728379487,0.026446199889808553,0.019952671494129444,0.013409043890818349,0.006848372461393966,0.00029206966052429503,8.096852667127261e-07,3.275380408923057e-08,5.463697816219448e-09,1.5232516079528763e-07,5.9600832801071e-08
2026-01-23,-0.07629779628798786,-0.07252471251342027,-0.07131946224553647,-0.07723516002620782,-0.08540042478523556,-0.0879007774668396,-0.08511654246530279,-0.07939152190793977,-0.07170385870146628,-0.06309318963315189,-0.05342218867353358,-0.04309691840123826,-0.032564038093849286,-0.02191627536920097,-0.011208475416123433,-0.00047682829669188427,-1.2159207064894229e-06,-4.717021093362951e-08,-7.661891776198653e-09,-2.09451595106248e-07,-8.062890766130391e-08
2026-01-27,0.06054790484030069,0.06087943600237489,0.06474818768748944,0.07355248390315383,0.08187588320588671,0.08361057708775872,0.07661131994346795,0.06881841924463197,0.06055557859592884,0.05227585280115755,0.04318565173890775,0.03341430418968912,0.024431469578671185,0.016018372137961857,0.008012465875034605,0.00033638957475059654,8.590487628482616e-07,3.308361774720031e-08,5.3333415987987975e-09,1.4467406745948037e-07,5.524951167877896e-08
2026-01-28,-0.012558905775613177,-0.00784847439862218,0.00025102607859628666,0.007339970166458936,0.012997788496741658,0.014661085720525699,0.009442985752552459,0.005741820575504809,0.003251241233576759,0.0017741201408781639,0.0009844562050908892,0.0007814814964301231,0.0005774160616809287,0.0003803855223234371,0.0001910445717136884,9.458655116420857e-06,6.749160530249499e-08,3.382767417617166e-09,6.424037662760535e-10,1.9692187315476927e-08,8.28986300430396e-09
2026-01-29,-0.158158547252263,-0.1405508311329865,-0.11064654814280156,-0.07966494224618222,-0.05195042473238695,-0.032720595923405524,-0.02377420325939362,-0.01707025736650111,-0.012016259143591158,-0.006717557772652527,-0.0018737426556169514,0.0005115966163176032,0.001579208031711228,0.0017018575868395747,0.0011419628808425532,5.781663934833535e-05,1.6251998983343943e-07,6.7896232112775536e-09,1.180999262388893e-09,3.43688413651541e-08,1.3968748189125358e-08
2026-01-30,0.10772567163546448,0.09381656318033041,0.06586609663834722,0.044470380690057924,0.028651789781880137,0.017425949275512213,0.010248704432890061,0.005460005447666424,0.0023429549558423033,0.00022553489135253348,-0.0008555994292886177,-0.0010888754494907432,-0.0010558611873081423,-0.0008363706853714182,-0.00047946547808007975,-2.2492708871043368e-05,-1.0146777372402119e-07,-4.677650488478096e-09,-8.455983522229198e-10,-2.5018843635768713e-08,-1.0254527213065488e-08
2026-02-01,-0.10734604374293083,-0.10587384295479323,-0.10929193363403383,-0.11339179818359205,-0.11689885701829593,-0.11623864587541859,-0.113527945652301,-0.10681395028081227,-0.09717623916084549,-0.08639509251359903,-0.07422850714700331,-0.060668801730755846,-0.04631391767191415,-0.03142657615606842,-0.016182881279212025,-0.0006955779630452767,-1.8878706745458571e-06,-7.565280647207614e-08,-1.257027916306538e-08,-3.499250355474429e-07,-1.3680510710612497e-07
2026-02-02,-0.026193601129384583,-0.020986286954986583,-0.012419365083278417,-0.004490785889818786,0.004267267535387938,0.010291992288245887,0.015695399490071045,0.018194385639191003,0.018639811964841692,0.018557316164313727,0.018232805693125305,0.016647947243675333,0.013697402099674462,0.009805134950892778,0.005261784865349121,0.00023470482536926606,7.673158799634972e-07,3.2988960202755434e-08,5.727928993738632e-09,1.6475913744543056e-07,6.615934383898873e-08
2026-02-03,0.557937847512701,0.511445336472617,0.4695289660073567,0.4317344546505047,0.3958181487547457,0.35642396592924447,0.3135889485637434,0.2723619280529622,0.23291091143244536,0.19495092248658288,0.1581981450542708,0.12334975671998584,0.09068950882030753,0.05968762400529686,0.02995530780379995,0.0012547016354821066,3.263211255198818e-06,1.2736675683200994e-07,2.072313496064027e-08,5.663936570525293e-07,2.1785843905802988e-07
2026-02-04,0.06906793532084936,0.059165556070143045,0.0493961406249344,0.04107535210985596,0.03565541365720871,0.03168484148596916,0.029444705258122005,0.026746407338089674,0.023713875240075316,0.021629980312777086,0.019398110209701388,0.016459912233559845,0.012910357882993837,0.008934699913551013,0.004677045462690014,0.00020441234520564194,5.33576077665406e-07,2.0447169587993323e-08,3.27749463466701e-09,8.850279749603951e-08,3.366580057444752e-08
2026-02-05,-0.023767226851314528,-0.017229392929068936,-0.008212495800122321,-0.0020082793600469133,0.0022312756879167843,0.00490541631816617,0.005487301053516276,0.005510366164278641,0.005197278108295381,0.004116353628552046,0.002724814218745474,0.0017352012362931728,0.0010408469101351203,0.0005611872020185718,0.00022563237786113512,7.241674170891271e-06,-1.739732879867444e-08,-1.5141571338431286e-09,-3.4619801996835034e-10,-1.1748595317546764e-08,-5.306388890809059e-09
2026-02-06,-0.01643146948489456,-0.01916810447520137,-0.01554808914474819,-0.013046183197631544,-0.012123673656653147,-0.011331359076074722,-0.011680935489885339,-0.011280618308441162,-0.010374250231655386,-0.008649482597211907,-0.00658528843362607,-0.004823831958720443,-0.0033570591316780234,-0.0021090444356766814,-0.0010118185008567001,-4.107113686406395e-05,-7.44321403445524e-08,-2.1499041540954484e-09,-2.5126349865188523e-10,-4.478787666064614e-09,-8.847925156385563e-10
2026-02-09,0.4491708852328062,0.4134635889743556,0.3592908690924326,0.30650478235271444,0.25956290229986606,0.21898463532412052,0.18260479659942577,0.1520937214899695,0.1258311386749932,0.1015373855238919,0.07961741405636892,0.060383287438768016,0.04339611379494893,0.028030624053388624,0.013840918053317683,0.0005739496594402319,1.4257779996273944e-06,5.4262836864045917e-08,8.671187990296012e-09,2.335293971285333e-07,8.864703655972601e-08
2026-02-10,0.045005937778844415,0.04341817089723958,0.038133154053070474,0.033783455757509656,0.02984915204842767,0.027051285518798856,0.023750913473340053,0.020596799109481072,0.01761662816029608,0.01489909518511963,0.012596348278974222,0.010437554212124903,0.008047432089686155,0.0055017642400675085,0.0028497773548593858,0.0001223631407140296,3.185459128235617e-07,1.2482641997864079e-08,2.043705372834349e-09,5.6243879841174975e-08,2.17880701038642e-08
2026-02-11,0.16150550440601755,0.15309589721898315,0.13516181998131918,0.11627230768960743,0.09869034990793536,0.0843412088091765,0.07174734439147797,0.060680566940940615,0.050806490476513116,0.04167762084017991,0.03300004662962506,0.025138497995533523,0.018124110499631273,0.011731998849965009,0.0058029291382303925,0.00023948074946961073,5.757379382413231e-07,2.1385331509300065e-08,3.342005650392084e-09,8.810147019603065e-08,3.2771499984753265e-08
2026-02-12,-0.01061394143840703,-0.011974699888965039,-0.004140233539015547,-0.0004962733976778339,0.0005977230183499652,0.0008277423547130762,0.0011931573836139453,0.0014678959476701748,0.0015972342913411933,0.0016194424677604463,0.0014364686774639551,0.0008289940160048419,0.0004492157893374462,0.00021664222184914137,7.579869437618927e-05,2.5376728655819455e-06,-4.913220902003344e-08,-3.584551273327994e-09,-7.859376507466058e-10,-2.6058224758686464e-08,-1.1596294462492345e-08
2026-02-13,-0.17195637927973614,-0.15420548655865157,-0.13158255497392865,-0.11262497510276233,-0.09716367647028747,-0.08357755551355359,-0.07267495460352066,-0.06259453932763737,-0.053175627688676064,-0.04456357295214765,-0.036248505262192296,-0.028536011034393478,-0.021143767424990374,-0.014001578395878438,-0.007065700421404143,-0.00029773403021683345,-8.388176939017117e-07,-3.4305936211195234e-08,-5.7735884775023265e-09,-1.622154005219351e-07,-6.391449947145666e-08
2026-02-16,0.023799703014826,0.023150180880998305,0.022099229028707274,0.02379067206892298,0.026033378694296123,0.02603902992441444,0.025307015516546204,0.023786917969720732,0.021639286136094563,0.019839547311426765,0.017516661750279782,0.014409641405878004,0.011050969897490433,0.007520411097990571,0.00388303657729055,0.000166732604741332,4.934096653673123e-07,2.0379755239605357e-08,3.4433018847395245e-09,9.691985060440214e-08,3.821814696254409e-08
2026-02-17,0.14738305651056502,0.13171543082115578,0.11011721332174922,0.09198616595684413,0.07734328188776693,0.06481299559154828,0.055278720964214156,0.04682565595028951,0.03921563060534802,0.03198522972721184,0.025662944006135904,0.01966618285396047,0.014253129249494009,0.00927066340204285,0.00460368574105673,0.00019102763292652065,4.835648359189036e-07,1.8683909971996464e-08,3.020854383901151e-09,8.219204006182693e-08,3.151143197637741e-08
2026-02-18,0.0863829270181911,0.08197773848658113,0.08018458140353599,0.07598101728379894,0.06937721169209024,0.06231182424349322,0.0543208032733337,0.04686320043627099,0.03988210625974863,0.03310198185578492,0.026902773095623403,0.021155814491242417,0.015663150634959093,0.010369338280471726,0.005229944381592912,0.00022039715652839316,5.500071300923628e-07,2.1070802213844962e-08,3.3875445958499103e-09,9.17654342601638e-08,3.504156622285541e-08
2026-02-19,-0.12321657422002161,-0.11232135332258024,-0.1046771337286209,-0.09848716726864658,-0.09265392973331665,-0.08601694316834954,-0.07918615555032303,-0.07134284746399118,-0.06283558479113127,-0.05446573218256333,-0.045886841354615814,-0.03722146109071297,-0.02823989548961842,-0.019061896232010895,-0.009774670131751048,-0.0004194465444812744,-1.157587946818819e-06,-4.6762385085937275e-08,-7.81102201234424e-09,-2.1832088241054444e-07,-8.565980788210115e-08
2026-02-20,0.10264320406993299,0.09375269672468756,0.08732568439767487,0.07961307630510993,0.07097372524560533,0.06272849672781053,0.05546554668662103,0.04846746457725367,0.0416898666361918,0.03583395570042495,0.030246706100725614,0.024165124231741514,0.018124830666601633,0.012126197731242216,0.006172181219136988,0.00026215704594271285,6.862723159377107e-07,2.693682844251478e-08,4.4066356650521864e-09,1.210841106944516e-07,4.681269072476966e-08
2026-02-23,0.0991829195470804,0.0896192147467901,0.07729850843177952,0.06953632001595302,0.06446388917502469,0.05876752459762151,0.05222844874343174,0.04580099784054501,0.039514616395478395,0.03365078319433093,0.027974454163797815,0.02235030192825455,0.016759288070248114,0.01120811210096923,0.0057032874192245375,0.00024322218898456137,6.597861959108269e-07,2.6250700920105032e-08,4.329673769451449e-09,1.1967492445649706e-07,4.6482915326879705e-08
2026-02-24,0.00539287712086044,0.0036056268885009362,0.0039036099953996296,0.00404406216099863,0.0040132281421374864,0.003388761387509336,0.001732688899575661,0.0006542948263714356,-1.0478309127247377e-05,-0.0007451390127219298,-0.0025814232130455246,-0.0032682877685884858,-0.0031495551856277368,-0.0024735144740153504,-0.0014134261707894377,-6.536608021049586e-05,-2.4581264562348514e-07,-1.1451431454098935e-08,-2.085866715182384e-09,-6.20570505331408e-08,-2.5592878455260073e-08
2026-02-25,0.11605696092413129,0.10668845312015235,0.10162003150088146,0.09356306980095429,0.08261934675014786,0.07255014887577492,0.06299195508239988,0.05399275167446031,0.0456052556177422,0.03734259807017375,0.029758106848398132,0.023084353741658455,0.01689359284596944,0.011074010908757245,0.005536211828776324,0.0002316321327804517,6.134718324053834e-07,2.4060319609173642e-08,3.919577618993884e-09,1.070966911321446e-07,4.11730893497549e-08
2026-02-26,0.12344283092723458,0.11376256531100469,0.09849125203175381,0.08461149942619116,0.07298791124664503,0.06287256554301728,0.052732207700984024,0.04394806483126644,0.036290602883944575,0.029163954004964767,0.022614415692455293,0.016893533552453262,0.011969391436362288,0.007628848100093509,0.0037207441340773536,0.00015105541567050082,3.550735209713418e-07,1.3150231009439077e-08,2.0534878983087294e-09,5.412900996543787e-08,2.014237681183814e-08
2026-02-27,-0.16435353550774032,-0.1520539968509932,-0.1428065877938238,-0.13268701588315257,-0.12164809774848678,-0.11039480755261905,-0.0990098108577728,-0.0872341807112919,-0.07541078436439104,-0.06383860174261304,-0.05238695544280094,-0.041508217090884446,-0.030906473894497292,-0.02054476999379245,-0.010399848084201252,-0.00044050452769535934,-1.187251340926525e-06,-4.7248910405762034e-08,-7.79526039101071e-09,-2.1550528019368822e-07,-8.37442369172427e-08
2026-03-02,-0.08176637365666663,-0.07320514063751246,-0.06605468352356615,-0.06199876805375001,-0.05982037717548589,-0.057502262069746055,-0.05704431482217628,-0.054178414998349966,-0.049574490215859454,-0.04433271313157374,-0.0393883020957602,-0.033064941764599426,-0.02573893191208786,-0.01772587608970647,-0.009235044114490385,-0.00040004268010263434,-1.0709417023472586e-06,-4.289069020995807e-08,-7.137180157673835e-09,-1.9911868422192087e-07,-7.804037810145627e-08
2026-03-04,-0.17401346805024465,-0.16303026798766096,-0.17027540835385205,-0.17136323052207122,-0.16692313423895866,-0.1580570577105593,-0.14543978494359305,-0.13087500115582734,-0.11511756340227541,-0.09882279418093447,-0.08268137637982859,-0.06624562326397351,-0.04979327977629299,-0.03337869663980108,-0.017012393755186137,-0.0007249949600323357,-1.8957568831139697e-06,-7.462235448379404e-08,-1.225686308192596e-08,-3.382433742278253e-07,-1.313038825545651e-07
2026-03-05,0.18432399285175005,0.1668374502688415,0.1586663942469874,0.15012841172422392,0.14135470835951086,0.13019640096640028,0.11666034135716966,0.10267604489547301,0.08867636451283295,0.07576464168998989,0.06367046598044385,0.051309873740491,0.03871898673049381,0.026020441514411075,0.01329047481323573,0.000566175597757176,1.488323132913798e-06,5.8607657092948794e-08,9.608292033010247e-09,2.644265845454589e-07,1.0234734996519339e-07
2026-03-06,-0.09416936105948472,-0.08743670960919857,-0.08177055721359229,-0.07804870099183672,-0.07435158402546814,-0.07012281382387825,-0.06494195231513178,-0.058892625935456265,-0.052209785129245935,-0.045123706056632185,-0.03815243234872756,-0.030639565415445113,-0.023079335843302563,-0.015498896345095992,-0.007913110432331226,-0.00033860287325381764,-9.140067312481814e-07,-3.641169119665193e-08,-6.028319438938412e-09,-1.67394255134078e-07,-6.532074836888692e-08
2026-03-09,-0.22189961738478525,-0.20462397802027052,-0.19095837217337633,-0.17858009234306824,-0.16693232736753622,-0.15544196743063585,-0.14463796660855718,-0.13147973182898068,-0.11665566546214566,-0.10051737300816406,-0.08407195991813339,-0.0677929249666748,-0.0512208431623278,-0.034479714762860936,-0.017638105467577183,-0.0007555682061771776,-1.9961749336993363e-06,-7.876052073235353e-08,-1.2954020715687662e-08,-3.578547938882545e-07,-1.3903639678375263e-07
2026-03-10,0.15618237334519958,0.14276309846784652,0.13011972372362055,0.11800987849457867,0.10571102505040818,0.09512278522847649,0.08737678481276939,0.07866834450120273,0.06927401484204072,0.05886267699941541,0.048345430955577695,0.038541804151711066,0.02886251622905453,0.01929328519533196,0.009811463096500567,0.0004179061039085999,1.1201889213934428e-06,4.433454502393209e-08,7.295697305028805e-09,2.0146527203063791e-07,7.823150969898513e-08
2026-03-11,-0.1558502728846425,-0.14022005831611944,-0.13804411751846593,-0.13559317288759565,-0.1294393741320668,-0.12150586345572127,-0.11306877207168503,-0.10282310392360373,-0.09127987054763219,-0.07862282476979729,-0.0655353401810573,-0.05270693964750598,-0.03974130461790477,-0.026706294010546718,-0.01364389146715773,-0.0005815460683750295,-1.5075054587715514e-06,-5.91748255819639e-08,-9.701714839512826e-09,-2.6736026663083466e-07,-1.0367146891195942e-07
2026-03-12,-0.06152917575263571,-0.05728914629737279,-0.060896241694964194,-0.06350634570528445,-0.0636507250282822,-0.06281299259936499,-0.06089796663097455,-0.05682899567114621,-0.05133317834871837,-0.043838628559353436,-0.037048536969631236,-0.030451261376572152,-0.023337055519714562,-0.015886756355957363,-0.008197891707917949,-0.0003544946659629388,-9.387418795413141e-07,-3.732600839698447e-08,-6.187255264033538e-09,-1.7220619187482884e-07,-6.738247733764904e-08
2026-03-13,-0.31978750443501075,-0.2983834244300355,-0.27976790021862896,-0.25981278292828264,-0.23815775405403372,-0.216456981457435,-0.19391207413182604,-0.17106607620792594,-0.14823383555090242,-0.12564382244976488,-0.1049191252407719,-0.08401792723951225,-0.06311531849391863,-0.042282118576148914,-0.02153874118614639,-0.0009174226834199159,-2.4003947637826797e-06,-9.4359409152379e-08,-1.5460602926636956e-08,-4.25436661578369e-07,-1.6468869713269945e-07
2026-03-16,0.04418950977126595,0.042347621875543036,0.05100584031651928,0.05664554844943817,0.058835767296214286,0.05871994956664355,0.0569773219777938,0.05338461846487118,0.048441051894033714,0.0418335153336947,0.03490918146477201,0.028383717298372763,0.0215877003345034,0.014614924498799208,0.007510147340776785,0.0003252630710662492,8.669503902737927e-07,3.4500469599042504e-08,5.724734861116678e-09,1.5950451520611905e-07,6.24561730775561e-08
2026-03-17,0.023335870641435795,0.02501191703681884,0.03182788582215839,0.035753255813003273,0.03683512946090007,0.037379411429211605,0.03770231731717734,0.03613086440022528,0.03324147836635164,0.029991659929069023,0.026786832599087644,0.02287212208915027,0.018009087128247357,0.012498790474450761,0.006552766454151896,0.0002844545015636403,7.399138391550904e-07,2.894732344752009e-08,4.722332402756334e-09,1.2944084501923265e-07,4.9932235537689175e-08
2026-03-18,0.08939256484065912,0.07969352514558954,0.07294282262280867,0.06975090899048583,0.06750969144769058,0.06345252232257066,0.058546000047220347,0.052871713489885515,0.04667108596622621,0.03988867708296954,0.03357160854236588,0.02732492509315799,0.02078590094086364,0.014063355292491213,0.007223455870138279,0.0003095339291555009,8.296372703127534e-07,3.315464643997635e-08,5.5028336523257635e-09,1.531053645342559e-07,5.984150458809045e-08
2026-03-19,-0.35895789271231976,-0.32800344011513244,-0.3105078617377347,-0.2914697665260905,-0.2691252494354899,-0.2448990079084211,-0.22083298477090713,-0.1957149068978315,-0.17012672867621115,-0.1444265535300912,-0.11971679708126429,-0.0955596336999752,-0.0715986417002958,-0.04785864878840475,-0.024336635513209578,-0.0010340785444087886,-2.743355367208149e-06,-1.0881804354297504e-07,-1.7950108791098597e-08,-4.967271114983098e-07,-1.9325476447014925e-07
2026-03-20,0.25493242934007987,0.23419628253327512,0.21536073732673885,0.1935554801438361,0.1711443612005381,0.1495391675478661,0.1283109200544657,0.10919166293597286,0.09181818483845522,0.07611106852493174,0.06102566602165622,0.04712090168620951,0.03435861107968737,0.02245039282116432,0.01119812100666736,0.00046735044924673443,1.2127235576323675e-06,4.746115795947146e-08,7.736042116954219e-09,2.1170062221738844e-07,8.151001352566503e-08
2026-03-23,-0.5362295908899803,-0.48403383754138574,-0.437290210156683,-0.39290570868543173,-0.3510147737126172,-0.31032439566741044,-0.27194340352394425,-0.23583245655099777,-0.2015973148499535,-0.16918427990072996,-0.13800235971863858,-0.10841215644407379,-0.08021141707128349,-0.05307129421054026,-0.026760512473821357,-0.0011299202361758217,-2.8946936724004525e-06,-1.1259832597901466e-07,-1.831718729009753e-08,-5.0125608808131e-07,-1.9313239264301662e-07
2026-03-24,0.06836404259655131,0.061522608284094844,0.07188472539603746,0.08036898387692196,0.0850554511657238,0.08459120288046318,0.08389460729090403,0.07956836016732642,0.07266367144569996,0.06431262356012254,0.05599529290236848,0.04634737512083032,0.035702672821601715,0.024392636429772508,0.01262635136879428,0.0005461979856853014,1.4600377098272555e-06,5.828203842413199e-08,9.67513754967515e-09,2.694026738637186e-07,1.0541105802823709e-07
2026-03-25,0.39095854006933756,0.35474707461361205,0.3230512854338276,0.2911506145243834,0.259481441885008,0.22906491666972653,0.20054319851263583,0.17376386131356203,0.14843145590542675,0.12427800260392692,0.10175254400531233,0.0802518881219005,0.05956780352177515,0.03951889596932726,0.019971735073589614,0.0008450662124765057,2.1711511483461776e-06,8.457927841779493e-08,1.3769630902465291e-08,3.769737885330897e-07,1.4529095306880694e-07
2026-03-27,-0.21174853333025626,-0.19517595152736653,-0.1860331518972528,-0.17499454311004636,-0.16250599357875897,-0.1490040017026627,-0.13608157701547705,-0.12195370033209559,-0.10700911365265725,-0.09111356185285706,-0.07522345859146742,-0.0597973803807772,-0.04467711783176955,-0.02980914712430808,-0.015135475348907874,-0.0006414592462013448,-1.6904696844505507e-06,-6.687937753361513e-08,-1.1018774122972826e-08,-3.0472663918900766e-07,-1.1848701274171397e-07
2026-03-30,-0.25421779412559986,-0.23514463341526315,-0.2188707916180861,-0.20292180835389895,-0.1855399095335423,-0.1667252706668337,-0.1476522805043842,-0.1291576090287966,-0.11119299518619483,-0.09441295350928144,-0.07810370772977968,-0.062152068923822926,-0.04645544253823796,-0.030985429936038103,-0.01573244359632782,-0.000667780439941551,-1.7695974570837914e-06,-7.010699836571937e-08,-1.1545365067645438e-08,-3.189403942639595e-07,-1.2389143489855113e-07
2026-04-01,0.21845746018920342,0.19732515113515817,0.17605388301107508,0.16129058790720813,0.15057166976923345,0.13848170563704493,0.1266691358610355,0.11383644343586184,0.10020100172418542,0.08490534463279131,0.0700244796259337,0.0556499563725633,0.041583224600190434,0.027758027916312673,0.01409938825645042,0.0005962724101495713,1.4787123632652896e-06,5.692280425964536e-08,9.226166551142939e-09,2.5224010979565353e-07,9.717896018762371e-08
2026-04-02,-0.04311791503718544,-0.041874812868477475,-0.03592198697684143,-0.030528179079141623,-0.02604436185006668,-0.021397464761595517,-0.019172323947106377,-0.016814684347459842,-0.014397623316572732,-0.012271775236849638,-0.010028440784912057,-0.007939619216134852,-0.00589684410543251,-0.0039049259819051896,-0.0019692596534681725,-8.35626642754305e-05,-1.9792997734558237e-07,-7.127780648802759e-09,-1.0764284847047085e-09,-2.7371422299754964e-08,-9.821694483456555e-09
2026-04-06,0.257221057537926,0.22911674763815112,0.20044242794645956,0.17614116732565643,0.15379673410097436,0.13313823265773372,0.11373671782569367,0.09673229866769217,0.08148271463726552,0.06790121897501582,0.05562689537243032,0.04367471431297988,0.03231565856421138,0.021390061424258415,0.010791253181156021,0.000457027501142602,1.1915436400890366e-06,4.653377398269738e-08,7.590598834720897e-09,2.082031502971129e-07,8.039062046622284e-08
2026-04-07,0.032771226791817654,0.03178817508289172,0.03601890777970306,0.03736714259012469,0.03604417295906557,0.034119907663700676,0.03156444708616368,0.028425884328188055,0.024969645116780945,0.021966279949286054,0.018589987398587117,0.014833704355011405,0.011102369798915466,0.007405571358280182,0.003760410147075347,0.00015873969038111865,4.3962685260292095e-07,1.7983800270614463e-08,3.02864083497584e-09,8.514000964135275e-08,3.3576258699964766e-08
2026-04-08,0.4855449826184776,0.4360187189570792,0.40060722397753395,0.3697066382264918,0.33881271440002936,0.30790346923020573,0.278660007006545,0.24797515717051624,0.21643078787081746,0.1844764820132324,0.1538488333038513,0.12341089365614918,0.09285501085841454,0.06229172922879328,0.031774908482737375,0.0013548057742163464,3.545847470982495e-06,1.3949514635268868e-07,2.289244077400911e-08,6.312184313164882e-07,2.448559400422923e-07
2026-04-09,-0.09319439241449556,-0.08315971922527375,-0.06871704343264352,-0.056832277666704525,-0.04714939797352241,-0.0390370617961631,-0.03239435919922079,-0.026982443721042075,-0.022386212160307402,-0.018018480020533363,-0.015009123333593666,-0.012153209730083993,-0.009218924458363099,-0.006230535792040169,-0.003197874207497549,-0.00013778258760789683,-3.653718788857229e-07,-1.4515005139120056e-08,-2.4079966153145283e-09,-6.712660484042362e-08,-2.630502254307559e-08
2026-04-10,0.10439871900990652,0.09606965283486298,0.08790306439074297,0.08280170122589635,0.07860100484242945,0.07332378275439193,0.0702124517186833,0.06531858720850128,0.058998611117698545,0.05167134915135507,0.04390756817139542,0.0358883932906069,0.027399016080700733,0.01859476042064154,0.009576162593617935,0.00041102116615502075,1.117389837009812e-06,4.4672199426767835e-08,7.412734782608564e-09,2.0621090486439576e-07,8.058899678248753e-08
2026-04-13,-0.126408743850774,-0.11328206148367292,-0.10584021915179921,-0.0963182115811454,-0.08579291418995366,-0.0776291663219456,-0.07080119754751257,-0.06323769768058268,-0.05529505772813616,-0.046191344479186096,-0.03707595686295338,-0.028774741067525516,-0.02108579439905643,-0.013849020648310085,-0.006936897625410832,-0.0002907923260333564,-7.444187399852018e-07,-2.91651450822602e-08,-4.777578153056759e-09,-1.315737646646008e-07,-5.0991646751084665e-08
2026-04-15,0.281868996711603,0.25654286002097987,0.2303433080282942,0.205296895588006,0.1821670873177471,0.15997214447740085,0.1406499077334366,0.12207744545478624,0.10428482091120361,0.08714325948162821,0.07105547034642996,0.055651523086759976,0.04106334939020559,0.027106312316601947,0.01363660954018693,0.0005746093151606649,1.53231282197811e-06,6.077379133004247e-08,1.0013962243626944e-08,2.767139197647812e-07,1.0751391255330972e-07
2026-04-16,-0.05590968392425733,-0.0468167971736295,-0.03908501389992773,-0.02984228126945331,-0.01997729841886089,-0.012685172081235162,-0.006734375391179594,-0.0029046721879702054,-0.0005379670421226778,0.000531149981219645,0.001173414799546101,0.0011872895446154042,0.0010315635811532363,0.0007667577142319045,0.00041863840553406915,1.9095743558087263e-05,5.048874480653932e-08,2.02717975652534e-09,3.3895588892346076e-10,9.492653523294417e-09,3.733222503284811e-09
2026-04-17,0.06291418194731566,0.05530270989686253,0.05144407118382146,0.04857032326545376,0.04625383613246659,0.04354432760428806,0.040890127428537884,0.037522503959761457,0.033576826058828474,0.02923942191317187,0.024079126965847953,0.018857698504913742,0.013932801636420937,0.009216383849952312,0.004647571315567907,0.00019603695661393977,5.417199957382486e-07,2.1957640955355493e-08,3.6835968700672406e-09,1.0340248528893039e-07,4.0716521106639624e-08
2026-04-20,0.06075706395459547,0.058417242189397985,0.05935753016714053,0.057342297277993996,0.05367313740284773,0.04924306021561835,0.04582719500241115,0.04171900025534307,0.037051100619245804,0.0320329865775106,0.02616270633176827,0.020575908689646108,0.01524020967328463,0.01009466718891685,0.0050949168065626774,0.00021463587387263264,5.347583377324882e-07,2.0330875847237097e-08,3.2472354135304793e-09,8.742999530949005e-08,3.317508977392604e-08
2026-04-21,-0.04144418755083156,-0.035920146494624765,-0.02299044235611826,-0.010609453567815041,-0.0008987097130333077,0.005345119748468197,0.00978512818938758,0.012073919591648288,0.012799371103580603,0.012323460092554944,0.011239648038771512,0.009649667145712228,0.007632947132139693,0.005320984203256316,0.0027982398241527145,0.00012277938346050833,3.7070289319209444e-07,1.583139604370465e-08,2.756655311005217e-09,7.970895176324348e-08,3.2195062335040347e-08
2026-04-22,-0.04769176495921295,-0.042626092867753075,-0.03907561669730509,-0.03509274813312188,-0.031127093635669872,-0.02780076286130691,-0.023965460655539273,-0.020525556055171135,-0.017396895551162174,-0.01400825352102294,-0.011657609665004084,-0.009750499060709746,-0.007565114110366292,-0.005196372213075963,-0.002701415117530381,-0.0001152280794969229,-3.616272377714762e-07,-1.543391453854543e-08,-2.662764483746395e-09,-7.611095006985758e-08,-3.037024613549395e-08
2026-04-23,0.0396785094073647,0.03566284651089102,0.024329834839949126,0.015969750361692566,0.010528129710011831,0.005640346417247403,3.559047079480768e-07,-0.0035999237158779807,-0.005621745954345195,-0.006457142914963881,-0.006268291616252019,-0.0060808417392580125,-0.005202953444223495,-0.003830736276457411,-0.0021000026411030106,-9.455968958453424e-05,-2.2281838762847847e-07,-8.504926072855996e-09,-1.3926092717850411e-09,-3.876380769748476e-08,-1.5248751147186258e-08
2026-04-24,-0.18289402015143474,-0.1653527299106148,-0.14388461372941833,-0.1241385544279522,-0.10633483322294307,-0.09045601358692482,-0.07719941516385977,-0.06528196465310517,-0.05452371588243462,-0.0448336731515413,-0.03606301598008409,-0.027874925963427208,-0.02033473313139588,-0.013286681831608747,-0.006626412844108197,-0.00027720892044664553,-8.084465247622179e-07,-3.350659065919005e-08,-5.671969662797412e-09,-1.5979633503052213e-07,-6.306648705464818e-08
2026-04-27,0.37083705032284986,0.34121707552736674,0.30642128410149433,0.2684696994312948,0.23246338032065117,0.19943053298054833,0.16818092761948591,0.14068281943082553,0.11639980388312209,0.09480528055094771,0.07517843140316775,0.05769651079179966,0.04183289541583122,0.027193516602203892,0.013499786585597638,0.0005598056260027296,1.4369712650865122e-06,5.578796140909423e-08,9.024042100970889e-09,2.451298710803868e-07,9.375150081712784e-08
2026-04-28,-0.07704334514412181,-0.07036429655264308,-0.05764918380594505,-0.048648529277627875,-0.04113975551857972,-0.036357501050730524,-0.033771711277556404,-0.03081653538632087,-0.02750905762519071,-0.02370704698000102,-0.01953856892461841,-0.015480024558455159,-0.011550068189883342,-0.007705295478464978,-0.003913024571494942,-0.00016718974338973764,-4.593311423057319e-07,-1.8404736068905168e-08,-3.0586210701775307e-09,-8.518230517345502e-08,-3.3330712616330855e-08
2026-04-29,0.1264839431568688,0.11562573867833971,0.10315485395330176,0.0920770970139171,0.0818791527339661,0.07307183646877416,0.0642444980085358,0.055632820829722276,0.04740924290718811,0.03949641208094055,0.03251073691783114,0.025889629213638306,0.01934755941848386,0.01289613384565918,0.006541946399650896,0.0002764189893000173,7.09349596965308e-07,2.7844525039051643e-08,4.560216930934042e-09,1.2546599973521816e-07,4.859262741556205e-08
2026-04-30,-0.07894554951590682,-0.07270006385024302,-0.06458750761899999,-0.05868605762137672,-0.053649146584363316,-0.04850429176308469,-0.04281397304594523,-0.03755552887017742,-0.03252256330062059,-0.02773861953981413,-0.02352250244060435,-0.01925251521117004,-0.01471814128917119,-0.010001617282430932,-0.005157064980251288,-0.000222972170301831,-6.145190006686331e-07,-2.4814693911956893e-08,-4.154268400544446e-09,-1.1648696527930113e-07,-4.584723290699418e-08
2026-05-04,0.044257496885717396,0.04295907702336867,0.04384873500839457,0.04799149937404518,0.05322590632632194,0.05496373021976096,0.053703454171649734,0.05020710119568132,0.045315415855500925,0.03863892313492668,0.031813853414198366,0.025083454385716953,0.018613722416162867,0.012356091296794014,0.006240897730947482,0.0002643009059138829,6.678543960783261e-07,2.57343234433603e-08,4.164053345246547e-09,1.1353226317895535e-07,4.361113227964637e-08
2026-05-05,-0.00022207580952331006,-0.0014190921840915773,-0.002383443173756503,-0.005169592309339719,-0.008286377983333745,-0.010846113578736827,-0.013236896858509168,-0.014161187274483455,-0.013990515202971086,-0.013427574974468032,-0.012177911322340041,-0.009705279773617723,-0.007272209507400825,-0.004864682289142756,-0.0024755858091635346,-0.00010321438102801028,-2.6310622480257594e-07,-1.0165494543270694e-08,-1.6401688736985684e-09,-4.4494787141709344e-08,-1.6996757436334106e-08
2026-05-06,0.15410433973686663,0.14637228538758917,0.1409175748858133,0.13470659907701518,0.12653792340656317,0.11739378154445362,0.10980873512433768,0.10014453025261563,0.08900465655950666,0.07616841990396979,0.06228478127856353,0.04922095504217261,0.03659707721277081,0.02431670666249215,0.012304473969608137,0.0005198459342251985,1.3239142867177733e-06,5.1217703282225664e-08,8.290530764141835e-09,2.258251082870138e-07,8.665591847788437e-08
2026-05-07,-0.11669294949254354,-0.10395264197290283,-0.08757895526801465,-0.07328407183309746,-0.061229090945671555,-0.050407974936262936,-0.04010258189558846,-0.03188092846910472,-0.025240091270787992,-0.019163622514714516,-0.013797892501794737,-0.009280631022015262,-0.005936138308781117,-0.0034258463375587255,-0.0015112494537529095,-5.5459258940058006e-05,-1.388252868183065e-07,-5.2730662733237445e-09,-8.381450736860552e-10,-2.2404167399080556e-08,-8.438693969519287e-09
2026-05-08,0.1374341320322404,0.1098495875294135,0.0828828291649879,0.060858117069302595,0.04397977355230916,0.03002956492978997,0.021680704247176087,0.01526995736146795,0.010416705825135405,0.0069362650133613975,0.003961788928751293,0.0018030738582076374,0.0005320187662008317,-9.61971764590275e-05,-0.00024127432958303733,-1.8746861037323526e-05,-8.429107063137981e-08,-4.082265590700045e-09,-7.707144530246338e-10,-2.3641278928372336e-08,-9.979451496939309e-09
2026-05-11,-0.5049386324421763,-0.451784959221243,-0.389789928474817,-0.328863703254972,-0.2738218050429043,-0.22805386331098385,-0.18936311935521866,-0.1571772191433145,-0.12967516744411958,-0.10664819008244894,-0.08575099427215413,-0.06664240717366707,-0.04888256330792219,-0.032107142958508694,-0.016096112659425395,-0.0006739005897166635,-1.7206748646911706e-06,-6.670092188021378e-08,-1.0810537670217302e-08,-2.947464311336517e-07,-1.1314993455892769e-07
2026-05-12,-0.30257681173030654,-0.2698363977333292,-0.24068842566589133,-0.21506777264500077,-0.1922102057641385,-0.16984257676342943,-0.14937096248095813,-0.1297225111893422,-0.1109169536899672,-0.09235603530255852,-0.07481210000106907,-0.05845699747217051,-0.04305869866947893,-0.028387342633465974,-0.01426685882465302,-0.0006010024484277561,-1.626482807194321e-06,-6.505342174867578e-08,-1.078882889557464e-08,-2.9977968679500053e-07,-1.1702468479002621e-07
2026-05-13,0.06059222197089066,0.05725540749004769,0.05702107968103609,0.057140751064258075,0.05771623509682836,0.05543945924786657,0.05486561044969862,0.05194081394886427,0.04732710683362336,0.04162823442696808,0.0353089000735184,0.02805919481835684,0.02094580688534848,0.013957549350885425,0.007076772475883268,0.00029925926001719085,7.157164663259248e-07,2.683775771977738e-08,4.251571410968593e-09,1.1384931923858318e-07,4.3039936652912404e-08
2026-05-14,0.22085876903863158,0.20223779026961783,0.18509997924535596,0.16700571767518813,0.1490638793272537,0.1306925997145417,0.11180134214202873,0.09484083920345432,0.07951093987336856,0.06691762873409439,0.055225491811756684,0.043828039917624274,0.03266085122353896,0.021710670976618968,0.010992977830267777,0.0004644183388943167,1.1937190406941532e-06,4.631134307793706e-08,7.49326834183415e-09,2.0375996383665551e-07,7.802037768090064e-08
2026-05-15,-0.027368272260656162,-0.03085705761458499,-0.035081772069440506,-0.036275900493248164,-0.03491442491198321,-0.0323731614153532,-0.029253503936429958,-0.02605509971447026,-0.022772515715056587,-0.01912370657839351,-0.015688788585189805,-0.012592878323377849,-0.009477453558151478,-0.006361013127339787,-0.0032443025425131235,-0.00013938369681908662,-3.278394960746145e-07,-1.208891661916845e-08,-1.8887788581862763e-09,-4.9925941435275234e-08,-1.8623860625438914e-08
2026-05-18,0.011898934063534124,0.007085529418839314,0.0017200057810701208,-0.002823372290031699,-0.006994073552728773,-0.011053039148093679,-0.01388580531945544,-0.015196546030973219,-0.01530021008676164,-0.01448671232551381,-0.012654487126103339,-0.010666024945078184,-0.008347492004177568,-0.005784166734787439,-0.003030009365281255,-0.00013104479669236253,-3.4359427707411387e-07,-1.341932341554003e-08,-2.1962380486765003e-09,-6.050461226614889e-08,-2.3441463213908595e-08
2026-05-19,-0.08990579133410732,-0.07765127900326309,-0.0603315320105097,-0.0468633343362282,-0.03704225630667435,-0.029081381537331145,-0.02307073813755846,-0.01824440514242884,-0.014338829544899234,-0.011252959837023945,-0.008654976860152075,-0.006377529585159991,-0.004462721775589675,-0.002809302496190229,-0.001356231790838325,-5.640325687952738e-05,-1.293085161348572e-07,-4.490590410822149e-09,-6.581404859153021e-10,-1.6298678658648465e-08,-5.693178531693376e-09
2026-05-20,0.00219795047665665,0.0009265926222611573,-0.0019942689350154487,-0.002432260377408734,-0.0018317447589692554,-0.0011634852456086514,-0.0005973341725982694,-0.00017686441699998597,0.00011432469609699803,0.00044181846931776864,0.0005593487594584656,0.0007313510852292526,0.0007190615580566078,0.0005732466517185801,0.0003319045542530129,1.585199737215415e-05,5.213721377372549e-08,2.303147673826933e-09,4.080489392362391e-10,1.1930907963890329e-08,4.854499604326936e-09
2026-05-21,-0.02809990449734141,-0.024134526081502773,-0.02337171639405385,-0.020366912791665134,-0.016022096873472284,-0.012367639169851459,-0.009309796604607805,-0.00701483651185986,-0.0052732643137797484,-0.004489252184986547,-0.0037679698541689013,-0.003122389685262432,-0.00240254431322415,-0.00163339420963588,-0.0008445245479984968,-3.561372014811818e-05,-9.649730610610531e-08,-3.967306779536403e-09,-6.69268203275438e-10,-1.8820384010195794e-08,-7.417836687879644e-09
2026-05-22,-0.08795543709267513,-0.08015081081045024,-0.0665184949818497,-0.0518645415090722,-0.03934907585786256,-0.029448950871996973,-0.020193268675399403,-0.01339050469132847,-0.00851422952436189,-0.005244992783780936,-0.0031764441797069638,-0.0018749646963365785,-0.0009988370459777253,-0.0004392983472607436,-0.0001264650152221036,-1.0469389269642926e-06,9.044566137836189e-09,7.748185769387671e-10,1.9277932021887716e-10,7.036751916688883e-09,3.3442793893552346e-09
2026-05-25,0.12797108862708562,0.11388812252034097,0.10331211565630073,0.09377890905022157,0.08446332178897112,0.07576381030184974,0.06747902572487993,0.05945776605579682,0.051584476790435645,0.04383577833996916,0.036790033815276825,0.029712980214796483,0.022486716465496142,0.015161556669631315,0.007767757605649037,0.0003323584626310488,8.994611694656883e-07,3.598056494123718e-08,5.977794650184692e-09,1.665161329980637e-07,6.515877162858928e-08
2026-05-26,-0.08551880934338767,-0.07552584273272349,-0.06583034009844226,-0.05663811778050794,-0.047693815217215295,-0.03965837192820712,-0.03264608042581116,-0.02687146438045047,-0.02199699256357678,-0.018046688399098808,-0.01453049458364298,-0.011396973289405785,-0.008419434898533813,-0.005559330519064002,-0.0028003769533024112,-0.00011845512235762192,-3.3881132034032415e-07,-1.3798417402658907e-08,-2.3097076596319255e-09,-6.454642723812847e-08,-2.529600913257555e-08
2026-05-27,0.07122599511286794,0.06541924213220716,0.06261952360327082,0.059073507480247166,0.05493193642175933,0.05065564280091588,0.04671847903846325,0.04209760421151328,0.037051695975196204,0.032358783590929314,0.027167688121458377,0.021776210500880418,0.016369180110619965,0.010966950073162817,0.005589014771897463,0.0002376387802652904,6.133285566605665e-07,2.3670215998272154e-08,3.814397674054396e-09,1.0337605857249822e-07,3.945833404438479e-08
2026-05-29,-0.24387270911077746,-0.2238508912461743,-0.21123283890636052,-0.19559989836193103,-0.17744514859205046,-0.15897664130554715,-0.13944404872110464,-0.12077373581458728,-0.1030315126039747,-0.08666655086209836,-0.07023560850393235,-0.054977744360409316,-0.040544150443725696,-0.02674334544198236,-0.01345011043503932,-0.0005658592913135521,-1.49807306250006e-06,-5.900177311825833e-08,-9.661455897550878e-09,-2.6545251823171096e-07,-1.0258892344228706e-07
2026-06-01,-0.15793082704723252,-0.142653540384872,-0.12155005271023038,-0.10353932175773109,-0.0881342934639776,-0.07489781701057588,-0.06437976987737469,-0.05492761792940721,-0.046313362304696196,-0.03924217652698321,-0.03286558268642723,-0.02659341039649394,-0.020129922937263674,-0.013555484715801364,-0.0069383260136580745,-0.00029738768803829727,-8.127478495993857e-07,-3.252290856689544e-08,-5.388329815914366e-09,-1.495489105185002e-07,-5.833312087562477e-08
2026-06-02,0.07073092930741112,0.06188840611100229,0.05135398899799934,0.04154466015240064,0.03439874127907243,0.0285896159518376,0.024671739520705702,0.02112793018446417,0.017858829460277118,0.013625178090936683,0.009927725004478203,0.007177919125811567,0.0049403872235917095,0.0030741787200319276,0.001464160582091739,5.792902199797741e-05,1.4013233252726992e-07,5.7422813602888205e-09,9.904753297802268e-10,2.864149398365807e-08,1.1599459723866865e-08
2026-06-03,0.0719596900073173,0.06722446344517127,0.057553556713146464,0.04819293031969918,0.039750674477288764,0.03300811911065887,0.027330832020924498,0.02265549603358058,0.0186849288851043,0.015060738249145408,0.011440571817485413,0.008491510489611177,0.005987890108526225,0.0038020097739801728,0.0018496830498504029,7.482538696370084e-05,1.3218386963708584e-07,3.387675814158485e-09,3.2884240650049626e-10,3.840104310789766e-09,-2.8862042723809727e-10
2026-06-04,0.23750111167035085,0.21019681977414814,0.17270345040607443,0.13848683698149553,0.10924348652105423,0.08587825446442122,0.066763479396557,0.052057154332176794,0.04053534791571279,0.030905163602555203,0.022777803515965388,0.01632132612784979,0.011142161966224483,0.006869133051257874,0.0032495436967322827,0.00012808086329486445,2.853851414015296e-07,9.998135456748196e-09,1.489239594781384e-09,3.75900767995175e-08,1.3400972958964291e-08
2026-06-05,0.05390241826686212,0.04652229801761435,0.0377270715908732,0.033231486289257386,0.030583460319422322,0.02711826653617325,0.023964158256786414,0.02090479807969279,0.017940852591706222,0.014211510629545178,0.010809788121643547,0.008096357037208124,0.005757928477023573,0.003690609146134608,0.0018076846926840542,7.343586708265472e-05,1.675617119725953e-07,5.924703700348673e-09,8.91649299914963e-10,2.2759476006323973e-08,8.208286051567409e-09
2026-06-08,-0.11506978411338005,-0.10392910135181761,-0.10141221404387088,-0.09658952113560115,-0.08986499734024565,-0.08211942883418155,-0.07410988561645332,-0.06567596417390208,-0.05706376654340518,-0.04787096578580693,-0.03927369505231341,-0.031227435588479034,-0.02332689661413136,-0.015559435776616736,-0.007896055473969888,-0.000334758799329347,-8.741127092087102e-07,-3.475863390852723e-08,-5.7652563583019756e-09,-1.605430956642003e-07,-6.28441940736913e-08
2026-06-09,-0.000512551015646143,0.007709877088668208,0.01540903622955785,0.023259233711283623,0.029151895722040296,0.03270195113049134,0.035591536015208196,0.035704381401343056,0.03384149919606026,0.029535572063629438,0.024558006864474808,0.0195974424651206,0.014684667363520976,0.009824858580256416,0.004995776183866304,0.0002125938776489557,5.406704664538876e-07,2.098451674531414e-08,3.4126794022973916e-09,9.341636827341581e-08,3.601854715693237e-08
2026-06-10,-0.12431081935821593,-0.11284397962905997,-0.09860796086601048,-0.08305332779828101,-0.06899016447314761,-0.05706653657484717,-0.046406728403465276,-0.03761872294118403,-0.030299605474112295,-0.024617482531891898,-0.01952127145663257,-0.01509759654266739,-0.011014982325326233,-0.007193008962819182,-0.003587694483923781,-0.00014965395373804492,-3.6309786215689807e-07,-1.3733491610299048e-08,-2.181223657520653e-09,-5.8392537460508864e-08,-2.20449080486759e-08
2026-06-11,-0.011487188613979564,-0.01017336706038558,-0.010692542349398636,-0.011853252849261428,-0.013618825887876858,-0.013859223578634223,-0.01375556428893631,-0.013048908831291449,-0.011915105391089312,-0.0103981595501409,-0.008902227589721295,-0.006938116279382801,-0.005105901907783688,-0.003368916013727878,-0.0016930966636880035,-7.135357607084721e-05,-1.7917464059656205e-07,-7.116963354109021e-09,-1.1870871156125597e-09,-3.330577809102513e-08,-1.3137703450521237e-08
2026-06-12,0.31736115968704265,0.28305615243953136,0.25650075971613373,0.2307469684703774,0.20473531553611948,0.18003398137311763,0.1573830636337584,0.13626572676974497,0.11636896226956035,0.09784322734170299,0.08101799540082441,0.06425169544099392,0.04790636151284052,0.03189946228237973,0.01617191027148334,0.0006854754629519795,1.7725722776316955e-06,6.937652966161293e-08,1.1342403406165627e-08,3.117655392757767e-07,1.2061197694980503e-07
2026-06-15,0.14647294150120155,0.12872337239308845,0.11391033507081867,0.09887718502719617,0.0839474205106292,0.07241121487725492,0.0625723487546202,0.05366648600522375,0.04550743172163909,0.037530195580001195,0.031089106164799256,0.02507165030398266,0.01894309991452061,0.012751641092868315,0.006523201594804622,0.0002806413910705738,7.442712679964853e-07,2.9532486817419132e-08,4.880883265687571e-09,1.3542638406594265e-07,5.2826820621961724e-08
2026-06-16,0.0953411186816127,0.08443386678987644,0.07146298758094699,0.06008276887045231,0.05042562022462732,0.041122055602734665,0.03262271596665513,0.02580889145120704,0.020299797705085276,0.016655277289211894,0.013532363706154151,0.010536820429378731,0.007728064336937958,0.005065588361742887,0.0025352531236111555,0.00010512559392677634,3.076390334667527e-07,1.2924010239532608e-08,2.208617086775354e-09,6.270272071703412e-08,2.4912217658883535e-08
2026-06-17,0.11398509791417268,0.10392843817441981,0.09340122940635337,0.08109054259929638,0.06941029031122165,0.05876949817583166,0.04837257317228044,0.03973533676072697,0.032430846637014406,0.026239460982480953,0.02084839574098073,0.015915215887062302,0.011494362819589392,0.0074498389304363255,0.0036903308989263335,0.00015259256206556424,3.830320248880333e-07,1.4643424935804482e-08,2.343182769653469e-09,6.305936387538116e-08,2.387955009898215e-08
2026-06-18,0.10422410281213844,0.09767812814137052,0.08729994413958929,0.0778042226912318,0.06917031783055284,0.060214196837843986,0.051370589091082774,0.043584897152718995,0.03659253549773837,0.03054928007257373,0.024490337909485464,0.01889000176625941,0.013763761051297216,0.008987946605900955,0.0044815941616577,0.00018706203263471125,4.699183776055373e-07,1.786006189640917e-08,2.843915268921967e-09,7.627525128338846e-08,2.8843999571965287e-08
2026-06-19,0.04302361004058219,0.03649132141844913,0.029313524367520365,0.02253163282036138,0.016410166656110836,0.011171291647459978,0.00609635743950833,0.0026435255509168116,0.0004139880217363497,2.238419539349332e-05,0.00013526791403816173,-0.0001717758043090805,-0.00030193510103663265,-0.0003050327665402649,-0.00019672118882514957,-1.0421826917921723e-05,-5.866072681244139e-08,-3.3946782754863818e-09,-7.041956874875943e-10,-2.2936382548590044e-08,-1.01163534527443e-08
2026-06-22,0.012458570545060634,0.0145729763092878,0.015741781460551673,0.01541601735175463,0.013949848853287372,0.012429319867135406,0.008814906001921488,0.006067781742779034,0.0040667569464107765,0.0027940241130142082,0.0018219049677429709,0.0010692331791398,0.0005670893644940283,0.0002486399401469024,7.104999269899044e-05,1.2693339420275878e-06,1.7570705035642095e-08,9.745786096170081e-10,1.827970432802511e-10,5.37249297015227e-09,2.1711669621799528e-09
2026-06-23,-0.14825965443210748,-0.13604120808493625,-0.12913940284679437,-0.12053941826232147,-0.1117001098788102,-0.10130634351624361,-0.08955971900585659,-0.07821252237576704,-0.06723648843203595,-0.05657622067084182,-0.04607648572215993,-0.036104284430847636,-0.02665698603262858,-0.01760903425508612,-0.008866137386570355,-0.00037304466253444837,-9.72541727968318e-07,-3.846087504265339e-08,-6.344135395799132e-09,-1.7571529484281257e-07,-6.842706826802202e-08
2026-06-24,0.03131281476890815,0.02808269532242049,0.018847324413858665,0.013182866404580633,0.010426231023821996,0.007235506015975616,0.003916442053715525,0.0017336891052914093,0.00034701335384938617,-0.0012223063497607538,-0.0020833524884486896,-0.002296957727482436,-0.0020945699969187495,-0.0015968226620595195,-0.0008971036318245495,-3.987805482734584e-05,-8.34268914850039e-08,-2.9814637077017378e-09,-4.582723687309181e-10,-1.2008575484037144e-08,-4.4705557224102375e-09
2026-06-25,-0.016256016259856218,-0.0143363488271874,-0.009077622690761228,-0.005211743275455143,-0.003266919708322529,0.00029027158470543813,0.003912311329481719,0.006017054416018472,0.007018178378394027,0.006016178409842586,0.005157390505559036,0.005002624644444668,0.004285694878969523,0.0031681765039872664,0.0017383791542462637,7.870499441824711e-05,2.3760727795036778e-07,1.0275960005513646e-08,1.815131727731551e-09,5.319710742446286e-08,2.1730831995046022e-08
2026-06-29,-0.08285282821619488,-0.07665857693825741,-0.06464258074508412,-0.056391409521431825,-0.05015844781302621,-0.04544771973730414,-0.04087855953054155,-0.036177369419012936,-0.031450288220382684,-0.026336092046983475,-0.021813261868111295,-0.017706747908865245,-0.013439667371738049,-0.009076782711578399,-0.00465474880162822,-0.0001997105235442546,-5.052265410899811e-07,-1.9679054675350007e-08,-3.2129869720008635e-09,-8.83134035783713e-08,-3.419297204039955e-08
2026-06-30,0.14788154744671111,0.12779358378926484,0.10995445640891573,0.09368932451536215,0.07982768544216284,0.06986909750676587,0.06147271501826066,0.053354478780146916,0.04561849053550428,0.03809732454675442,0.030377080246085722,0.023141763248512897,0.016697240772588814,0.010820932315496811,0.005359504818737852,0.00022115161769493635,4.7085976154585424e-07,1.6060588886084056e-08,2.3429237482367185e-09,5.805804581440084e-08,2.0325836362793674e-08
2026-07-01,0.042910876924832,0.03955647505191793,0.0317425297868388,0.028447981680989665,0.027417290695232223,0.026693843363195736,0.028563808039566718,0.028522237338869032,0.027010354941650577,0.02453793505130055,0.02086836378036192,0.017163211941173945,0.013165864008311436,0.008965916172354057,0.004632198488313964,0.0002004588182226753,5.193205471707927e-07,2.041317789745216e-08,3.3539680669302517e-09,9.266823823496715e-08,3.604032370523039e-08
2026-07-02,0.19360724485647451,0.17568386727985322,0.15502455455915826,0.13548995663917027,0.11824044731842223,0.10174646878780484,0.08652985243842956,0.0730936575042194,0.06107775260266751,0.049769537012739035,0.0390097509501133,0.02972812916713687,0.021437523101558723,0.01387828174559523,0.006865532053802238,0.00028454500863628335,7.719187646225887e-07,3.09250761211581e-08,5.128433437900061e-09,1.4235279981291178e-07,5.549164681926037e-08
2026-07-03,0.03391938289130365,0.032797323571299955,0.037309976399183334,0.03677557399822446,0.03340002540759136,0.0294780142325811,0.02504790787589499,0.020913581922858394,0.017181335815586687,0.013964722141690991,0.010791141639467369,0.007817213857008348,0.005370173608192693,0.0033170006881830002,0.0015700526300775224,6.380421960429645e-05,2.3089191978456908e-07,1.0174565117185404e-08,1.769265822795139e-09,5.0557919834321946e-08,2.0134238931758844e-08
2026-07-06,0.08027107561112791,0.07345989052265596,0.06662267477622205,0.05854509234165411,0.05006773751881605,0.042818863011714066,0.036905399715380115,0.03149870077384495,0.026531818164936827,0.0219708494100207,0.01790390015862665,0.014303048789073325,0.010713574932980419,0.0071529923666364265,0.003633923971096385,0.00015309816952249067,3.799680493782934e-07,1.4503580733902316e-08,2.319876714957113e-09,6.248774675368567e-08,2.3728133939501944e-08
2026-07-07,0.12073896291772683,0.10361027252449044,0.08822485847368208,0.07208748443274696,0.05648045434246788,0.044308484590810646,0.03382857163259569,0.02593423722944732,0.019895764522398714,0.014728940504529565,0.010145019104964126,0.006754196047071106,0.004282717556926444,0.002452654321755035,0.0010754865498906069,3.9419101658832356e-05,7.89547932132809e-08,2.619923959543629e-09,3.75052288070789e-10,9.13594557460294e-09,3.1308284053339802e-09
2026-07-08,-0.11747198302913182,-0.10906600889090863,-0.10855996116435716,-0.10769581923229975,-0.10470757837541432,-0.10056908112457047,-0.09661597884682399,-0.08973399941105206,-0.08081535760767525,-0.07120958164264074,-0.0609743694608263,-0.0498979889223275,-0.038114927299051526,-0.02586688853807839,-0.013321367582745764,-0.0005724216727664661,-1.5711046758811618e-06,-6.344846682405866e-08,-1.0600625032069607e-08,-2.9640077454794395e-07,-1.1634973798665176e-07
2026-07-09,0.09029562527884358,0.08497809385659555,0.07536354246642556,0.06504346076196622,0.05537588816185886,0.04571816646685118,0.036533569325117504,0.02904341883402749,0.0228989280564854,0.017702333419914708,0.013410458577341619,0.009715991683203544,0.00667708431436676,0.004127699974041146,0.0019554692593358857,7.905053285274322e-05,1.7159545241731007e-07,5.814577202685478e-09,8.330398549921543e-10,2.0101787598103558e-08,6.835510612699281e-09
2026-07-10,0.08123704558431186,0.07557973664813414,0.07548591379812701,0.07546494614668177,0.07404761704946553,0.07065528235722494,0.0652124877425929,0.058896436213818966,0.052001662114718857,0.0444009468135171,0.036831452141237744,0.029409798244230758,0.022053450693915642,0.014759971715148689,0.007513253602929538,0.00032006161087558293,8.529237951502151e-07,3.390331670611549e-08,5.609616755641483e-09,1.5574440242569904e-07,6.077256998126566e-08
2026-07-13,0.03889485696809316,0.03394790933985693,0.02422394221962015,0.01543447202339617,0.007940252708159094,0.0020032598242126602,-0.003329762987480216,-0.006439688709668378,-0.00794335136838528,-0.007736781489880458,-0.006972426274310254,-0.005691378419461277,-0.004345770394348314,-0.002955281105951681,-0.0015226964175181893,-6.636678333455371e-05,-1.2427817093207887e-07,-3.856595129731473e-09,-5.202468329747789e-10,-1.1976061909134242e-08,-3.870399400484402e-09
2026-07-14,0.03493658503409778,0.03423752995507721,0.0319449158667882,0.030151798687633957,0.028223635754996132,0.024682401584836033,0.019829376833487355,0.01565196355935332,0.012160458547620228,0.00911538622030647,0.005947466575681371,0.0033338572818121183,0.0016409431997072433,0.0006232869888614867,0.00011350320022515446,-3.176927756801817e-06,-5.730998039179461e-08,-3.4967262475813684e-09,-7.398642886242583e-10,-2.4435638999596325e-08,-1.0876113980816251e-08
2026-07-15,0.09574573610830217,0.08785348846612305,0.073186445816802,0.05970116408786947,0.04823238931172742,0.038923613418441236,0.03221135217981362,0.026585971376771444,0.02177383028991236,0.01666678247268269,0.011581418076544713,0.007732890559663792,0.004907396559917698,0.002809832039247553,0.001227916418400172,4.755000014570299e-05,9.539315667111472e-08,2.9266274455905445e-09,3.7636560439785266e-10,7.982290316821083e-09,2.2900119835491083e-09
2026-07-16,0.08001055513235285,0.07154127328734601,0.06391490285160226,0.05522200643101614,0.04654352788616041,0.03959298220435859,0.033907959677192144,0.028808357388110703,0.02419883804455641,0.019649101267346262,0.015401880688289897,0.011823168093617801,0.008582143102563118,0.005589250816113006,0.0027798758214911076,0.00011515531183229695,2.9267698954020795e-07,1.1355392345440192e-08,1.8435884483205673e-09,5.0359266740642366e-08,1.9371851921037867e-08
2026-07-17,-0.003386536008240994,-0.0031121391102847625,0.0040644681618744885,0.01075278550321041,0.015564230643432809,0.01825466372419123,0.019475828306426145,0.01947106424908787,0.018506404018397846,0.016519209902471115,0.01435667910638881,0.012117260629143815,0.009480382376518999,0.006562523970890582,0.003433207266924073,0.00014854909463050308,4.367405896368229e-07,1.8368142898145594e-08,3.1664971523014813e-09,9.086973430354538e-08,3.645681266804212e-08
2026-07-20,0.1192095684888874,0.11081983100949569,0.10259574878526544,0.0870777573977268,0.07147630293977153,0.056882688335206,0.0434859879657937,0.03307507891819244,0.024949470669046587,0.019474699036304558,0.015270876217972783,0.011440068428682594,0.008103160400065769,0.005147133049190806,0.0025032746099289296,0.00010326856540442249,3.116606459907942e-07,1.2699018573114469e-08,2.1088537741476667e-09,5.829714193336287e-08,2.2579691252208972e-08
2026-07-21,0.03446337613858131,0.028791377590924348,0.028206165215656526,0.026956397457897418,0.024821903372743908,0.022529207044725042,0.020110128691895896,0.017604899737852574,0.015119751188662262,0.012848213948731414,0.010688071637517853,0.00866197696587866,0.006561992207572469,0.004421048723474896,0.002263308523348754,9.784361086918283e-05,2.3782522182761652e-07,8.839506497019865e-09,1.3856007202009778e-09,3.6710187922174013e-08,1.3730813646280928e-08
2026-07-22,-0.03646152508450663,-0.03576177724585769,-0.0343299755840027,-0.03452493448927589,-0.034904336106282144,-0.03399769250329127,-0.03168947390828119,-0.028854063732685863,-0.025646670870213002,-0.021823888450586193,-0.018060644881469117,-0.014421150885092304,-0.010816102041640806,-0.007241877585141808,-0.0036875847126269937,-0.0001579619990368918,-4.409069757151861e-07,-1.7913554205633845e-08,-3.0049213494223306e-09,-8.427352010830649e-08,-3.31561879940487e-08
2026-07-23,-0.0617166030196697,-0.058286902647198706,-0.060851009962454204,-0.06325831544733514,-0.06435734955169954,-0.06292349511107606,-0.05978787015313587,-0.055099907404805845,-0.04934907471529858,-0.04301137730499282,-0.035899097833312875,-0.028257162350761447,-0.020945738540453174,-0.013884025177395532,-0.007010522968013855,-0.00029496078091368537,-7.494234612269987e-07,-2.9039029167177072e-08,-4.708952090445759e-09,-1.284806609453478e-07,-4.93587037829285e-08
2026-07-24,-0.06433058464773098,-0.05890261143261842,-0.060551472744978616,-0.05901907770563591,-0.05526778925373436,-0.04996927590721851,-0.044570389918102325,-0.03907657986619674,-0.03361811742622186,-0.028638775474456042,-0.023827792994841886,-0.019236265899171878,-0.014527575371626295,-0.009762413805522997,-0.004987230692096798,-0.0002123530500326505,-5.409168614007236e-07,-2.091778949424325e-08,-3.3826310004439018e-09,-9.202538204363645e-08,-3.526229148155509e-08
2026-07-27,0.2204241355142283,0.20128398291682711,0.1854023521294308,0.16628529998370062,0.1457046694613649,0.12697728084606186,0.11171558659230378,0.09701183691772966,0.08290239350732535,0.06932483650105171,0.056154241602242166,0.04399541233801278,0.032468145333616215,0.021430873817269585,0.010782548879934075,0.0004526236594309961,1.1682350745021254e-06,4.564664395813765e-08,7.438884861272873e-09,2.0367029526689204e-07,7.849538991281879e-08
2026-07-28,0.1354766910865807,0.11785585928014358,0.09800781221001648,0.08003969392895305,0.06458853033235752,0.051948052877362164,0.04230971564197915,0.03442303365873534,0.027841388105463664,0.021330648677062018,0.016026738875937765,0.011829806006215493,0.00829770923092743,0.005247244971518255,0.0025398646491142543,0.00010359217005641407,2.2004752434792292e-07,7.578627990253265e-09,1.1159955379095587e-09,2.7894543506952226e-08,9.849188478228628e-09
2026-07-29,0.1507590272678326,0.142695152278434,0.13732141122523464,0.12621656831908992,0.11070997663908491,0.09680489259833185,0.08435391047736453,0.07266151460939638,0.061690807235377135,0.05178932421915378,0.042814679481541704,0.03349283055908682,0.02467672203008812,0.01625866345336054,0.008166116630081965,0.00034229278002535925,9.011225077929119e-07,3.583761367058246e-08,5.9145987334965695e-09,1.635617296487197e-07,6.359405046869033e-08
2026-07-30,0.06914663121122415,0.06439657763802081,0.054342325093869805,0.04142835768885222,0.02801820744134725,0.019360537999321043,0.01365991252221041,0.009560060244702854,0.006619864159892946,0.004728650570662133,0.0035729525644494957,0.0029241723081861962,0.00222980661388055,0.0015061578256094746,0.0007744351073090657,3.1828634297870515e-05,9.60938813356706e-08,4.045445770851258e-09,6.838492286310202e-10,1.9121218132237437e-08,7.487925472034102e-09
2026-07-31,0.09244907381146322,0.08632962498765069,0.09903054392990764,0.10472961039430466,0.10432662888653303,0.09889724805338675,0.08947923025237386,0.07931286955221159,0.06887033318056335,0.0583718568084966,0.04780911946478403,0.03803065348252982,0.028406907257030666,0.018935955480636132,0.009606908940481804,0.0004063052550834795,1.0040384997699068e-06,3.816182892709156e-08,6.098323295898927e-09,1.643705977475148e-07,6.246817076284605e-08
